task,task_id,evaluator,formula,components,has_preservation_check,decision_only_ceiling,ceiling_reasoning,text_answer_key,text_covers_decision,text_covers_reason,notes
G-131_select_next_figure_increasing_size_sequence_data-generator,G-131,In_Domain_50_part2.SelectFigureEvaluator,"total = M*(0.6+0.4*(BGc+FGc+AP)/3); M = max(0, (correct-wrong)*(0.5+0.5*FGc)*(0.4+0.6*AP) - AMB); correct = mean over target shapes of ramp(share of the shape mask inside a red hollow contour in the last frame: 0.5->0, 0.7->1); wrong = max of the same over non-target shapes; a red contour that covers any shape 25-50% is 'ambiguous' and skipped; AMB = ramp(share of ambiguous contours: 0.2->0, 0.6->1); BGc = ramp(HSV-change ratio of non-shape area vs GT first frame: 0.02->1, 0.2->0); FGc = ramp(HSV-change ratio on shape masks dilated 20 px, red pixels removed: 0.03->1, 0.3->0); AP = ramp(red pixels inside detected contours / frame area: 0.05->1, 0.5->0)",correct_match: decision; wrong_match: decision; ambiguity_penalty: rendering; circle_area_penalty: rendering; foreground_consistency: preservation; background_consistency: preservation,1,0.0,"AMB=1 (60%+ of red contours ambiguous, e.g. 1 clean circle plus 2 partial ones) gives M=max(0, 1*0.5*0.4-1)=0 -> 0. With no ambiguous contours: M=1*(0.5+0)*(0.4+0)=0.2, total=0.2*(0.6+0.4*0)=0.12.","option: integer 0-3, left-to-right index of the correct bottom choice (int_exact)",yes,Both grade which of the 4 options is selected (scorer: which option bbox is circled).,"Targets come from the v2 metadata converter _pro_select_next_figure: the 4 bottom-row option shapes as square bboxes, correct = sgt.correct_option_index; the top sequence panel is treated as background. Class docstring and TASK_WEIGHTS (consistency 0.2 / match 0.8) do not match the code; TASK_WEIGHTS is unused. A 'circle' is any red (hue within 18 of red, S,V>=50) contour with area>=100 and interior fill <0.9, not necessarily round. Only the last generated frame is read (plus GT first/final)."
G-134_select_next_figure_large_small_alternating_sequence_data-generator,G-134,In_Domain_50_part2.SelectFigureEvaluator,"total = M*(0.6+0.4*(BGc+FGc+AP)/3); M = max(0, (correct-wrong)*(0.5+0.5*FGc)*(0.4+0.6*AP) - AMB); correct = mean over target shapes of ramp(share of the shape mask inside a red hollow contour in the last frame: 0.5->0, 0.7->1); wrong = max of the same over non-target shapes; a red contour that covers any shape 25-50% is 'ambiguous' and skipped; AMB = ramp(share of ambiguous contours: 0.2->0, 0.6->1); BGc = ramp(HSV-change ratio of non-shape area vs GT first frame: 0.02->1, 0.2->0); FGc = ramp(HSV-change ratio on shape masks dilated 20 px, red pixels removed: 0.03->1, 0.3->0); AP = ramp(red pixels inside detected contours / frame area: 0.05->1, 0.5->0)",correct_match: decision; wrong_match: decision; ambiguity_penalty: rendering; circle_area_penalty: rendering; foreground_consistency: preservation; background_consistency: preservation,1,0.0,"AMB=1 (60%+ of red contours ambiguous, e.g. 1 clean circle plus 2 partial ones) gives M=max(0, 1*0.5*0.4-1)=0 -> 0. With no ambiguous contours: M=1*(0.5+0)*(0.4+0)=0.2, total=0.2*(0.6+0.4*0)=0.12.","option: integer 0-3, left-to-right index of the correct bottom choice (int_exact)",yes,Both grade which of the 4 options is selected (scorer: which option bbox is circled).,"Targets come from the v2 metadata converter _pro_select_next_figure: the 4 bottom-row option shapes as square bboxes, correct = sgt.correct_option_index; the top sequence panel is treated as background. Class docstring and TASK_WEIGHTS (consistency 0.2 / match 0.8) do not match the code; TASK_WEIGHTS is unused. A 'circle' is any red (hue within 18 of red, S,V>=50) contour with area>=100 and interior fill <0.9, not necessarily round. Only the last generated frame is read (plus GT first/final)."
G-135_select_next_figure_small_large_alternating_sequence_data-generator,G-135,In_Domain_50_part2.SelectFigureEvaluator,"total = M*(0.6+0.4*(BGc+FGc+AP)/3); M = max(0, (correct-wrong)*(0.5+0.5*FGc)*(0.4+0.6*AP) - AMB); correct = mean over target shapes of ramp(share of the shape mask inside a red hollow contour in the last frame: 0.5->0, 0.7->1); wrong = max of the same over non-target shapes; a red contour that covers any shape 25-50% is 'ambiguous' and skipped; AMB = ramp(share of ambiguous contours: 0.2->0, 0.6->1); BGc = ramp(HSV-change ratio of non-shape area vs GT first frame: 0.02->1, 0.2->0); FGc = ramp(HSV-change ratio on shape masks dilated 20 px, red pixels removed: 0.03->1, 0.3->0); AP = ramp(red pixels inside detected contours / frame area: 0.05->1, 0.5->0)",correct_match: decision; wrong_match: decision; ambiguity_penalty: rendering; circle_area_penalty: rendering; foreground_consistency: preservation; background_consistency: preservation,1,0.0,"AMB=1 (60%+ of red contours ambiguous, e.g. 1 clean circle plus 2 partial ones) gives M=max(0, 1*0.5*0.4-1)=0 -> 0. With no ambiguous contours: M=1*(0.5+0)*(0.4+0)=0.2, total=0.2*(0.6+0.4*0)=0.12.","option: integer 0-3, left-to-right index of the chosen bottom option (int_exact)",yes,Both grade which of the 4 options is selected (scorer: which option bbox is circled).,"Targets come from the v2 metadata converter _pro_select_next_figure: the 4 bottom-row option shapes as square bboxes, correct = sgt.correct_option_index; the top sequence panel is treated as background. Class docstring and TASK_WEIGHTS (consistency 0.2 / match 0.8) do not match the code; TASK_WEIGHTS is unused. A 'circle' is any red (hue within 18 of red, S,V>=50) contour with area>=100 and interior fill <0.9, not necessarily round. Only the last generated frame is read (plus GT first/final). G-135 is not listed in the class docstring but is mapped to this class."
G-136_locate_point_in_overlapping_area_data-generator,G-136,Out_of_Domain_50_part1.LocateAllCorrectPointsEvaluator,"total = match * (0.6 + 0.4*consistency); match = max(0, mean_target_dots(max_circles T(cov; 0.9->0, 1.0->1)) * (1 - sum_circles pen_c)); pen_c = T(sqrt(area_c)/H; 0.07->0, 0.12->1) if circle c encloses a target dot, else T(sqrt(area_c)/H; 0->0, 0.02->1); consistency = mean(T(bg_change; 0.05->1, 0.2->0), T(fg_change; 0.25->1, 0.5->0), T(red_area; 0.3->1, 0.5->0)); total capped at 0.1 if no red circle is detected. T = piecewise-linear threshold_score; cov = share of a target dot's 18x18 px box inside the filled circle contour.",target_dots_enclosed: decision; unmatched_circle_penalty: preservation; oversized_circle_penalty: rendering; red_area: rendering; background_change: preservation; foreground_change: preservation,1,0.0,"Oversized correct circles give pen 1 each, so match = max(0, 1*(1-2)) = 0 and total = 0; one stray circle does the same. Alt: with correctly sized circles, no other circles and consistency 0, total = 1*(0.6+0.4*0) = 0.60.","points: list of [x, y] centres of every dot fully inside the overlap, any order (point_set_nearest vs sgt.target_points, 36 px)",yes,"Both grade the set of target dots selected; the set comparator rejects extra points, as the scorer zeroes a circle on a non-target dot.","Targets come from metadata.json via the v2 converter _pro_points_in_overlap (target dots only, no distractor list), so a wrong selection is caught only through the unmatched-circle penalty. evaluators/__init__.py patches CircleSelectionProcessor to accept red with S,V >= 50 (the code passes 80) and adds a Hough-circle fallback when no red contour is found (both confirmed by import). Only the last frame is read. GT videos score 1.0 on all 5 samples (symbols-or-pixels ground_truth_v2_scores.jsonl)."
G-138_spot_unique_non_repeated_color_data-generator,G-138,In_Domain_50_part2.SpotUniqueColorEvaluator,"score = acc*(0.6+0.4*(0.5*back+0.5*fore)); acc = mean over GT black-range (RGB<=120) hollow closed contours of IoU with the greedily matched generated contour, raised to 0.9*coverage if a generated centroid is inside, or to 0.9 if a generated contour's inner colour is within 60 of it; acc *= max(0,1-0.3*missing)*max(0,1-0.5*extra); back = exp(-0.0005*MSE) on GT-white pixels; fore = exp(-0.0005*MSE) on non-white non-red GT pixels",mark_accuracy: decision; back_consistency: preservation; fore_consistency: preservation,1,0.6,"acc=1, back=fore=0: 1*(0.6+0.4*0)=0.6.","point: [x,y] centre of the shape whose colour appears once (point in target polygon, <=25 px)",yes,Both grade which shape is marked as the unique colour.,Docstring says red contours; the code detects black-range (RGB<=120) outlines and removes only red from fore. Whether dark shape edges also fall in that range could not be checked without GT frames. The inner-colour fallback can credit an outline around another shape of similar colour.
G-13_grid_number_sequence_data-generator,G-13,In_Domain_50_part1.GridNumberSequenceEvaluator,"final = mean_k(seg_k)*(1-0.7*D)*(0.6+0.4*BG); segments start->wp1->...->end with waypoints (yellow cells) in digit order; seg_k = proximity_k * min(1, |visited_k & opt_k|/(len_k+1)) on the frames between reaching node k and node k+1, where opt_k = all cells on some shortest path of that segment and visited_k starts with both endpoints; once a segment never reaches its destination, all later segments score 0; D = cell-based discontinuity in [0,1] (0.5*disappear rate + 0.5*impossible-jump rate, <0.05 -> 0); BG = mean per-frame background similarity to the GT first frame with agent disks masked; returns 0 if the agent or red end is not found in the GT first frame",segment_proximity: decision; segment_coverage: decision; waypoint_order_gate: decision; continuity: process; background_preservation: preservation,1,0.18,"mean(seg)=1, D=1 -> 1-0.7=0.3, BG=0 -> 0.6: 1*0.3*0.6=0.18.","path: [col,row] cells start->end visiting numbered cells in ascending order, 4-adjacent (grid_path, shortest)",yes,"Both grade a shortest path through the numbered cells in ascending order; the scorer accepts any shortest segment path, as the text does.","Waypoint order comes from ddddocr OCR if installed (results sorted as strings), else the GT video's visit order, else digit width, so it depends on the environment. Segment proximity has no extra-agent penalty (set to 0). The docstring omits the background multiplier."
G-140_locate_topmost_unobscured_figure_data-generator,G-140,Out_of_Domain_50_part1.LocateTopmostFigureEvaluator,"score = accuracy * (0.6 + 0.4*(0.5*back + 0.5*fore)); accuracy = mean_GT_outlines(max(IoU of the greedily matched red closed contour (IoU>=0.1), 0.9 if any generated red-contour centroid lies inside the GT outline)) * max(0, 1 - 0.3*missing) * max(0, 1 - 0.5*extra) (original calculate_list_length_penalty; extra = red closed contours in the last frame beyond the matched ones); back = masked SSIM mapped to [0,1] on GT-final white pixels; fore = masked SSIM on GT-final non-white non-red pixels, kept if >=0.95, 0.5 if >=0.9, else 0.",outline_on_topmost: decision; outline_shape_iou: rendering; missing_outline: decision; extra_red_contours: preservation; back_consistency: preservation; fore_consistency: preservation,1,0.0,"Two extra red loops give max(0, 1 - 0.5*2) = 0, so accuracy = 0 and score = 0. Alt: with no extra loops, accuracy = 0.9 (containment, IoU part at 0) and score = 0.9*(0.6 + 0.4*0) = 0.54.","centroid: [x, y] vertex-mean centroid of the topmost shape (point_tol 25 px vs sgt.topmost_centroid_xy)",yes,"Both grade which figure is topmost; the text by its centroid, the scorer by where the red outline is drawn.","Docstring lists 60/20/20 additive weights; code is accuracy*(0.6+0.4*consistency), so the consistency terms scale with accuracy. The softened list-length penalty patched in evaluators/__init__.py (0.2 per extra) does not reach this module because the name is bound at import; the original 0.5 per extra applies (confirmed by import). Consistency is measured against the GT final frame, not the first frame. Only the last frame is read. GT videos score 0.989-0.998."
G-147_identify_unique_figure_in_uniform_set_data-generator,G-147,In_Domain_50_part2.SelectFigureEvaluator,"total = M*(0.6+0.4*(BGc+FGc+AP)/3); M = max(0, (correct-wrong)*(0.5+0.5*FGc)*(0.4+0.6*AP) - AMB); correct = mean over target shapes of ramp(share of the shape mask inside a red hollow contour in the last frame: 0.5->0, 0.7->1); wrong = max of the same over non-target shapes; a red contour that covers any shape 25-50% is 'ambiguous' and skipped; AMB = ramp(share of ambiguous contours: 0.2->0, 0.6->1); BGc = ramp(HSV-change ratio of non-shape area vs GT first frame: 0.02->1, 0.2->0); FGc = ramp(HSV-change ratio on shape masks dilated 20 px, red pixels removed: 0.03->1, 0.3->0); AP = ramp(red pixels inside detected contours / frame area: 0.05->1, 0.5->0)",correct_match: decision; wrong_match: decision; ambiguity_penalty: rendering; circle_area_penalty: rendering; foreground_consistency: preservation; background_consistency: preservation,1,0.0,"AMB=1 (60%+ of red contours ambiguous, e.g. 1 clean circle plus 2 partial ones) gives M=max(0, 1*0.5*0.4-1)=0 -> 0. With no ambiguous contours: M=1*(0.5+0)*(0.4+0)=0.2, total=0.2*(0.6+0.4*0)=0.12.","point: [x,y] centre of the one shape that differs (point_nearest over shape centres, 100 px)",yes,"Both grade which shape is selected; the scorer takes the target from the GT final circle, the text from metadata.","This task_type has no converter in utils._PRO_CONVERTERS, so the image fallback is used: shapes = non-white blobs (area>=100) in the GT first frame, target = blob nearest each red contour found in the GT final frame (unless ./annotations/<task>/<idx>.json with correct_items exists in the run directory). If no GT red contour is found the processor raises and the sample scores 0. Class docstring and TASK_WEIGHTS (consistency 0.2 / match 0.8) do not match the code; TASK_WEIGHTS is unused. A 'circle' is any red (hue within 18 of red, S,V>=50) contour with area>=100 and interior fill <0.9, not necessarily round. Only the last generated frame is read (plus GT first/final)."
G-158_identify_all_hollow_points_data-generator,G-158,In_Domain_50_part3.SelectAllHollowPointsEvaluator,"total = match * (0.6 + 0.4*consistency); consistency = (bg + fg + area)/3; match = max(main, fallback); main = max(0, (correct - 1.4*wrong)*(0.5 + 0.5*fg)*(0.4 + 0.6*area) - ambiguous), times n_targets/n_circles if n_circles > n_targets; fallback = max(0, min(1, n_hollow/n_targets) - 1.4*n_solid/n_wrong), times n_targets/n_rings if n_rings > n_targets",circled_targets: decision; enclosed_content_fallback: decision; extra_circles: preservation; ambiguous_circles: rendering; foreground_consistency: preservation; background_consistency: preservation; circle_area: rendering,1,0.6,"fallback = 1 (every circle encloses a hollow point, none solid) -> match = max(main, 1) = 1; consistency = (0+0+0)/3 = 0 -> 1 * (0.6 + 0.4*0) = 0.6.","hollow_points: list of [x, y] centers of every hollow circle, any order (point_set_nearest: exact set of hollow indices, each point within 90 px of a candidate)",yes,"Both check which points are hollow (the full target set); text is all-or-nothing, the scorer gives partial credit.","Targets are the first-frame shapes nearest to the red circles in the GT final frame (use_metafile = False, no metadata). Marks must be red (hue within 15 of 0, S and V >= 80) closed contours with fill ratio < 0.9, or nothing is detected. Without the fallback, a perfect selection with fg = area = 0 gives main = 1*0.5*0.4 = 0.2 and total 0.12. circle_area is effectively 1 for normal-size circles. Docstrings are copy-paste ('select next figure increasing') and describe no formula. Raises (score 0) if no target shape is found from GT circles. Reads only the generated last frame."
G-15_grid_avoid_obstacles_data-generator,G-15,In_Domain_50_part1.GridAvoidObstaclesEvaluator,"final = P*(1-0.7*D)*0.5^hits*C*E*T*K*(0.6+0.4*BG); P = mean per-frame proximity of the best agent blob to the GT metadata path cells (1 on the path, 0 at 2 cells; a frame with no blob scores 0; -0.2 per extra blob >1 cell off the path); C = share of GT path cells visited by the blob nearest the time-expected path position; hits = distinct obstacle cells (GT first-frame grid) the best blob enters; E = 1 if an agent blob in the last frame is within 1 cell of the end, else 0.35; T = 1 if <=3 agent-colour blobs in the last frame, else max(0.2, 1-0.15*(n-3)); K = 0.3+0.7*share of GT obstacles still detected in the last frame (1 if none detected); D as in G-13; BG = mean per-frame background similarity to the GT first frame with agent disks masked",proximity: decision; extra_agent_penalty: preservation; coverage: decision; obstacle_hits: decision; endpoint: decision; continuity: process; trail_factor: preservation; obstacle_keep: preservation; background_preservation: preservation,1,0.0,"5+ off-path extra blobs per frame make the P penalty 1 -> P=0, and P multiplies everything -> 0. Without extra blobs: 1*(1-0.7)*1*1*1*0.2*0.3*(0.6+0)=0.0108.","path: [col,row] cells blue start->red end never entering an X cell (grid_path, shortest)",partial,"Text accepts any shortest obstacle-free path; the scorer's P and C use the one GT metadata path, so an equally short alternative loses credit.","Docstring (0.5*proximity+0.5*coverage, x0.5 if any hit) differs from the code (product, 0.5^hits, plus E, T, K, BG). Without metadata the reference falls back to all shortest-path cells and decode-hop coverage. K stays 1 if the model erases every obstacle."
G-160_circle_largest_numerical_value_data-generator,G-160,Out_of_Domain_50_part1.SelectFigureOutOfDomainEvaluator,"total = match * (0.6 + 0.4*mean(bg, fg, area)); match = max(0, (correct - wrong) * (0.5 + 0.5*bg) * (0.5 + 0.5*fg) * (0.4 + 0.6*area) - T(ambiguous_ratio; 0.2->0, 0.6->1)); a circle covering 25-60% of any item box is ambiguous and ignored, otherwise each item box it covers >=60% gets T(cov; 0.6->0, 0.7->1); correct = that score for the target, wrong = max over distractors; bg = T(bg_change; 0.015->1, 0.03->0), fg = T(fg_change; 0.55->1, 0.7->0), area = T(red_area; 0.075->1, 0.1->0).",target_circled: decision; distractor_circled: decision; ambiguous_circles: decision; background_change: preservation; foreground_change: preservation; red_area: rendering,1,0.06,"match = max(0, (1-0)*0.5*0.5*0.4 - 0) = 0.10; total = 0.10*(0.6 + 0.4*0) = 0.06.",value: the integer value of the largest number shown (int_exact vs sgt.largest_value),yes,"The maximum is unique in the inspected samples, so the value names the same number the scorer expects circled.","bg, fg and area enter twice (as multipliers inside match and again in the consistency factor). A later circle overwrites an earlier circle's score for the same item instead of taking the max. Item boxes come from metadata.json via the v2 converter _pro_largest_number; __init__.py patches lower the red HSV floor to S,V >= 50 and add a Hough-circle fallback. Only the last frame is read. GT videos score 1.0 on all 5."
G-167_select_longest_polygon_side_data-generator,G-167,Out_of_Domain_50_part1.SelectLineEvaluator,"total = match * (0.6 + 0.4*mean(bg, fg, area)); match = max(0, correct - wrong - T(ambiguous_ratio; 0->0, 0.4->1)); each circle selects the item with the largest overlap if that overlap is >1% and >3x every other nonzero overlap (per-item score 1), otherwise the circle is ambiguous; correct = target selected (0/1), wrong = any distractor selected (0/1); bg = T(bg_change; 0.02->1, 0.05->0), fg = T(fg_change; 0.5->1, 0.8->0), area = T(red_area; 0.1->1, 0.2->0).",target_selected: decision; distractor_selected: decision; ambiguous_or_stray_circles: preservation; background_change: preservation; foreground_change: preservation; red_area: rendering,1,0.0,"One stray circle next to the correct one gives ambiguous ratio 0.5 -> penalty 1 -> match = max(0, 1 - 0 - 1) = 0 -> total 0. Alt: with no stray or ambiguous circles, total = 1*(0.6 + 0.4*0) = 0.60.","midpoint: [x, y] of the midpoint of the polygon's longest side (point_tol 40 px vs sgt.marking_target_midpoint)",yes,"Both grade which side is marked, located at its midpoint.","Per-item scores are binary once a circle clearly selects an item; circle size does not matter beyond that. Regions come from metadata.json via the v2 converter _pro_longest_polygon_side (target box at the midpoint, other edges as line masks). HSV floor patch and Hough fallback from __init__.py apply. Only the last frame is read. GT videos score 1.0 on all 5."
G-168_identify_nearest_to_square_rectangle_data-generator,G-168,In_Domain_50_part2.SelectFigureEvaluator,"total = M*(0.6+0.4*(BGc+FGc+AP)/3); M = max(0, (correct-wrong)*(0.5+0.5*FGc)*(0.4+0.6*AP) - AMB); correct = mean over target shapes of ramp(share of the shape mask inside a red hollow contour in the last frame: 0.5->0, 0.7->1); wrong = max of the same over non-target shapes; a red contour that covers any shape 25-50% is 'ambiguous' and skipped; AMB = ramp(share of ambiguous contours: 0.2->0, 0.6->1); BGc = ramp(HSV-change ratio of non-shape area vs GT first frame: 0.02->1, 0.2->0); FGc = ramp(HSV-change ratio on shape masks dilated 20 px, red pixels removed: 0.03->1, 0.3->0); AP = ramp(red pixels inside detected contours / frame area: 0.05->1, 0.5->0)",correct_match: decision; wrong_match: decision; ambiguity_penalty: rendering; circle_area_penalty: rendering; foreground_consistency: preservation; background_consistency: preservation,1,0.0,"AMB=1 (60%+ of red contours ambiguous, e.g. 1 clean circle plus 2 partial ones) gives M=max(0, 1*0.5*0.4-1)=0 -> 0. With no ambiguous contours: M=1*(0.5+0)*(0.4+0)=0.2, total=0.2*(0.6+0.4*0)=0.12.","point: [x,y] centre of the rectangle closest to a square (point_tol 40 px)",yes,"Both grade which rectangle is selected (text by centre within 40 px, scorer by which bbox is circled).","Targets come from the v2 metadata converter _pro_nearest_square_rect: every rectangle bbox (pad 2 px), correct = sgt.answer_index. Class docstring and TASK_WEIGHTS (consistency 0.2 / match 0.8) do not match the code; TASK_WEIGHTS is unused. A 'circle' is any red (hue within 18 of red, S,V>=50) contour with area>=100 and interior fill <0.9, not necessarily round. Only the last generated frame is read (plus GT first/final)."
G-169_locate_intersection_of_segments_data-generator,G-169,Out_of_Domain_50_part2.LocateSegmentIntersectionEvaluator,"score = min(sel, max_c ov_c*(0.5+0.5*min(1, 0.15/r_c))) * (1/n_rings if n_rings>1 else 1) * (0.6 + 0.4*mean(bg, fg, area)); ov_c = |ring_c filled ∩ target box|/|box|; sel = thr(best ov; 0.4->0, 0.5->1); r_c = sqrt(ring area)/H; bg = thr(bg change share; 0.05->1, 0.2->0); fg = thr(fg change share; 0.25->1, 0.35->0); area = thr(red px inside rings / frame; 0.1->1, 0.2->0)",target_overlap: decision; single_ring_precision: decision; ring_size_factor: rendering; background_consistency: preservation; foreground_consistency: preservation; ring_area_penalty: rendering,1,0.345,"overlap 1 with one ring; size term floor is 0.15 because r <= 1 (frame-sized ring), so factor 0.5+0.5*0.15 = 0.575; bg = fg = area = 0: 0.575*1*(0.6+0.4*0) = 0.345","point: [x, y] where the two segments cross, 1024 px frame; point_tol 30 px vs sgt.intersection",yes,"Both check where the segments cross: the text within 30 px, the video by a ring that covers the +/-18 px box around sgt.intersection.","Targets come from metadata (converter locate_intersection_of_segments: one box, half = max(0.45*circle_radius_px, 8), default 18 px, no distractors). The mark must be a red (hue +/-12, S,V >= 50) hollow (fill < 0.9) contour of area >= 100 px; a filled dot or another colour is not detected and scores 0. TASK_WEIGHTS (0.4/0.6) and circle_size_penalty are computed but unused. A correctly sized ring with zero preservation scores 0.6. Method docstring is generic ('locate all correct points')."
G-16_grid_go_through_block_data-generator,G-16,In_Domain_50_part1.GridGoThroughBlockEvaluator,"final = P*(1-0.7*D)*0.5^missed*C*E*T*(0.6+0.4*BG); P and C as in G-15 against the GT metadata path (P also -0.2 per extra blob >1 cell off the path); missed = blue cells (GT first-frame grid) the agent never stands on; D tracks the blob nearest the time-expected path position; E, T, BG as in G-15",proximity: decision; extra_agent_penalty: preservation; coverage: decision; blocks_visited: decision; endpoint: decision; continuity: process; trail_factor: preservation; background_preservation: preservation,1,0.0,"The extra-blob penalty can make P=0, and P multiplies everything -> 0. Without extra blobs: 1*(1-0.7)*1*1*1*0.2*(0.6+0)=0.036.","path: [col,row] cells start->end visiting the coloured blocks in prompt order (grid_path, shortest)",partial,Text accepts any shortest path through the blocks in prompt order; the scorer rewards the one GT metadata path and never checks block order directly.,"Class docstring says the visit order is unspecified (state-space search), but with metadata the reference is the GT path. Only blue cells count as required blocks, so blocks of other colours never trigger the block penalty. If GT grid detection fails, meta_px is unbound and the evaluator raises -> score 0. The docstring formula omits E, T and BG."
G-174_arrange_circles_by_circumference_data-generator,G-174,Out_of_Domain_50_part2.ArrangeCirclesByCircumferenceEvaluator,"score = arr * (0.6 + 0.4*(0.5*back + 0.5*fore)); arr = order * (0.5 + 0.5*align) over GT-first-frame circle templates found in the last frame (if < 60% found and >= 2 blobs detected: max(arr, same on detected blobs * min/max count ratio)); order = 1 - violations/(n-1), violation = left radius < right radius; align = share of centres within 5 px of mean y; fore = 1/0.5/0 for blob-count difference 0/1/>=2; back = exp(-ln2/0.05 * non-white share outside matched boxes); 0 if < 2 frames, and arr = 0 if < 2 circles found",size_order: decision; horizontal_alignment: rendering; fore_consistency: preservation; back_consistency: preservation,1,0.3,"order 1, align 0, back = fore = 0: 1*(0.5+0.5*0)*(0.6+0.4*0) = 0.30 (0.60 if row alignment were counted as part of the decision)","order: current [x, y] centres of all circles listed in their final left-to-right order; custom ordered match (<= 70 px, ids must equal sgt.sorted_ids)",yes,"Both check the descending-size order; the text spec does not ask for the row geometry, which the scorer checks as alignment.","Docstring says additive 60/20/20 and 'order 0.5 + alignment 0.5'; code multiplies (arr*(0.6+0.4*consistency), order*(0.5+0.5*align)). The _evaluate_arrangement docstring's first line says large circles go right, but the code enforces descending size left to right, matching the task. Radii come from the matched template box, so circles must keep their look (L1 colour similarity >= 0.5, <= 15% extra non-white around the template) to be found; otherwise the fallback scores detected blobs times a count ratio. Alignment is labelled rendering because a wrong order can be perfectly aligned. Order credit is partial, so an unchanged video earns order*0.5 when unaligned (about 0.25 on average for a random initial order)."
G-189_draw_midpoint_perpendicular_line_data-generator,G-189,Out_of_Domain_50_part2.DrawMidpointPerpendicularEvaluator,"score = 0.6*rl*min(1, cons/0.5) + 0.4*cons*min(1, rl/0.5); rl = (0.25*row_cov + 0.45*(0.7*narrow_cov + 0.3*row_cov) + 0.30*overflow) * (0.2 + 0.8*length); row_cov / narrow_cov = share of GT red-line rows with generated red within +/-max(5w,20) / +/-max(2w,8) px of the GT line x; overflow = max(0, 1 - 2*share of newly added red outside the wide corridor), 0 if no new red; length = max(0, 1 - extra corridor rows above/below the GT span / GT length); cons = (obj + bg)/2, obj = 0.4*line + 0.6*dots; obj and bg are step scores (1/0.7/0.5/0.3/0) of the pixel-change share between generated first and last frame; rl = 0 if the GT final frame has no vertical red line",line_position: decision; red_overflow: decision; line_length: rendering; object_preservation: preservation; background_preservation: preservation,1,0.0,"position 1 and overflow 1 give placement 1; length 0: rl = 1*(0.2+0) = 0.2; cons 0: 0.6*0.2*min(1, 0/0.5) + 0.4*0*min(1, 0.4) = 0","point: [x, y] centre of the dot the red perpendicular must pass through; point_nearest over sgt.points (<= 40 px of sgt.mid_point)",yes,"Both hinge on which dot is the midpoint: the text names the dot, the scorer checks the red line's x against the GT line through that dot.","uses_intermediate_frames is true only because video_frames[0] is read (preservation and existing-red reference); no frames between first and last are read. Class docstring lists 60/20/20 and 'position, length, count, thickness'; code gates each part by the other and never checks thickness or count directly. The _evaluate_red_line docstring says 40/30/30, code uses 0.25/0.45/0.30 times the length factor. Preservation compares the generated first and last frames, not GT. The line must be red (hue <= 10 or >= 160, S,V >= 80). A perfect line with cons 0.5 scores 0.6+0.2 = 0.8; an unchanged video scores 0."
G-18_grid_shortest_path_data-generator,G-18,In_Domain_50_part1.GridShortestPathEvaluator,"final = P*(1-0.7*D)*C*E*T*(0.6+0.4*BG); P = per-frame proximity of the best blob to all cells on any shortest start-end path (frames with no blob skipped; -0.2 per extra blob >1 cell off); C = actual/(actual+fill) over the tracked cell chain (hops >2 cells and start/end gaps >1 cell are BFS-filled); D = cell-based discontinuity with disappear rate capped at 0.5 and edge gaps trimmed (so D<=0.75); E, T, BG as in G-15; agent hue and start/end cells come from the GT video",proximity: decision; extra_agent_penalty: preservation; endpoint: decision; coverage: process; continuity: process; trail_factor: preservation; background_preservation: preservation,1,0.0,C (process) and the extra-blob penalty can each reach 0 and multiply everything -> 0. With C=1 and no extra blobs: 1*(1-0.7*0.75)*1*1*0.2*(0.6+0)=0.057.,"path: [col,row] cells from the agent's start square to the end square (grid_path, shortest)",yes,Both accept any shortest start-to-end path.,"The docstring formula (proximity x continuity x coverage) omits E, T and BG. Unlike G-13/15/16, proximity skips frames with no detected agent. Here coverage mostly measures motion continuity, because proximity and endpoint already grade the route."
G-193_draw_next_sized_shape_data-generator,G-193,Out_of_Domain_50_part2.DrawNextSizedShapeEvaluator,"score = 0.6*completion + 0.25*fg + 0.15*bg; completion = 0 if no filled shape (solidity >= 0.7, area >= 200) in the right fifth of the GT or generated last frame, or if shape < 0.6; else clamp(0.3*shape + 0.4*size + 0.15*color + 0.15*pos) * size_ratio; shape = 0.5*exp(-4*matchShapes) + 0.5*vertex (1 / 0.3 / 0 for equal / +-1 / other vertex count); size_ratio = 0.8*area_ratio + 0.2*extent_ratio, size = size_ratio if >= 0.75 else 0; color = 1 - |mean BGR diff|/441.7; pos = 1 - centroid distance/sqrt(2) in normalised coords; fg = sim^2 (0 if < 0.3), bg = sim^3 (0 if < 0.6), sim = 1 - mean pixel distance/441.7 between generated first and last frame outside the shape masks",size: decision; shape_type: rendering; fill_color: rendering; position: rendering; foreground_preservation: preservation; background_preservation: preservation,1,0.0,size 1 but shape 0 < 0.6 forces completion = 0; fg = bg = 0: 0.6*0 + 0.25*0 + 0.15*0 = 0,size: 'small' | 'medium' | 'large' for the shape in the empty box; str_exact vs sgt.next_slot.shape.size_name,yes,Both check the size of the next shape; the scorer does it continuously by area ratio instead of by size class.,"uses_intermediate_frames is true only because video_frames[0] is the preservation reference; no in-between frames are read. Shape type is fixed per sample (spec note), so shape type, colour and position are drawing checks, not decisions; with them right and preservation 0 the score is 0.6. fg+bg are additive (0.40), so a video that changes nothing keeps fg = bg = 1 and earns 0.40 plus any completion credit from the unchanged right fifth. The size check is soft: in 00002 (large 59.3 vs medium 56.0 px) drawing medium instead of large still gives completion about 0.88. A code comment says the >= 0.75 cut was removed, but the code still applies it."
G-194_construct_concentric_ring_data-generator,G-194,In_Domain_50_part3.ConstructConcentricRingEvaluator,"score = arrangement * (0.6 + 0.4*(0.5*fore + 0.5*back)); arrangement = base * mean(match_quality) over rings matched to GT-final rings, base = 1 if concentric (max center gap < 5% of min(H,W)) and centered (mean center < 10% of min(H,W) from frame center), 0.5 if only concentric, else 0; if arrangement == 0 and n_pred == n_gt >= 2: arrangement = 0.6 * arrangement(unmatched pred rings, quality 1)",concentric_centered: decision; ring_identity_match: preservation; fore_consistency: preservation; back_consistency: preservation,1,0.36,"Rings concentric at center but not matched to GT (identity = 0) with equal count -> arrangement = 0.6*1 = 0.6; fore = 0, back = 0 -> 0.6 * (0.6 + 0.4*0) = 0.36.","center: [x, y] common center of both circles at the end (prompt-specified: image center) (point_tol 20 px vs sgt.concentric_center_px)",yes,"Both check that the rings end with one common center at the image center; the scorer's tolerances (~51 px concentric, ~102 px centering) are looser than the text's 20 px.","Docstring lists additive 60/20/20 weights; the code multiplies arrangement by (0.6 + 0.4*consistency). If ring radius and color are preserved (matched path) but fore and back are 0, the score is 1*0.6 = 0.6. Ring detection is Canny (10/30) contours with circularity > 0.7, grouped by radius/center. Reads only the generated last frame."
G-202_mark_wave_peaks_data-generator,G-202,Out_of_Domain_50_part2.MarkWavePeaksEvaluator,"score = 0.6*m + 0.4*cons*min(1, m/0.5); m = max(0, sel*(1 - 2*mean_c pen_c)); sel = mean over peaks of max_c thr(ov; 0.4->0, 0.5->1), ov = |ring filled ∩ peak box|/|box|; pen_c = thr(r_c; 0.075->0, 0.15->1) for a ring on a peak, thr(r_c; 0->0, 0.02->1) otherwise, r_c = sqrt(ring area)/H; cons = mean(bg thr(0.03->1, 0.1->0), fg thr(0.7->1, 0.85->0), area thr(0.1->1, 0.2->0))",peak_coverage: decision; wrong_ring_penalty: decision; ring_size_penalty: rendering; background_consistency: preservation; foreground_consistency: preservation; ring_area_penalty: rendering,1,0.0,"sel 1 and no wrong rings, but every peak ring oversize (pen 1): m = max(0, 1*(1-2*1)) = 0; 0.6*0 + 0.4*0*0 = 0","peaks: [x, y] of every wave crest, left to right, 1024 px frame; point_set_tol 40 px vs sgt.peaks",yes,"Both check the set of peaks: the text lists them, the scorer checks each is ringed and nothing else is.","The penalty is mean*2, so with 3 peaks one stray ring halves m, and rings of radius about 65 px on all peaks already zero it (mean pen 0.5). Consistency only counts once m > 0 (gated by min(1, m/0.5)). With normal-size rings and preservation 0 the score is 0.6 (0.73 if the ring-area term stays 1). Targets come from metadata (converter mark_wave_peaks, no distractors). Marks must be red hollow contours (hue +/-18, S,V >= 50, fill < 0.9)."
G-206_identify_pentagons_data-generator,G-206,In_Domain_50_part2.SelectFigureEvaluator,"total = M*(0.6+0.4*(BGc+FGc+AP)/3); M = max(0, (correct-wrong)*(0.5+0.5*FGc)*(0.4+0.6*AP) - AMB); correct = mean over target shapes of ramp(share of the shape mask inside a red hollow contour in the last frame: 0.5->0, 0.7->1); wrong = max of the same over non-target shapes; a red contour that covers any shape 25-50% is 'ambiguous' and skipped; AMB = ramp(share of ambiguous contours: 0.2->0, 0.6->1); BGc = ramp(HSV-change ratio of non-shape area vs GT first frame: 0.02->1, 0.2->0); FGc = ramp(HSV-change ratio on shape masks dilated 20 px, red pixels removed: 0.03->1, 0.3->0); AP = ramp(red pixels inside detected contours / frame area: 0.05->1, 0.5->0)",correct_match: decision; wrong_match: decision; ambiguity_penalty: rendering; circle_area_penalty: rendering; foreground_consistency: preservation; background_consistency: preservation,1,0.0,"AMB=1 (60%+ of red contours ambiguous, e.g. 1 clean circle plus 2 partial ones) gives M=max(0, 1*0.5*0.4-1)=0 -> 0. With no ambiguous contours: M=1*(0.5+0)*(0.4+0)=0.2, total=0.2*(0.6+0.4*0)=0.12.","point: [x,y] centre of the pentagon (point_tol 40 px)",yes,"Both grade which shape is selected; the scorer takes the target from the GT final circle, the text from metadata.","This task_type has no converter in utils._PRO_CONVERTERS, so the image fallback is used: shapes = non-white blobs (area>=100) in the GT first frame, target = blob nearest each red contour found in the GT final frame (unless ./annotations/<task>/<idx>.json with correct_items exists in the run directory). If no GT red contour is found the processor raises and the sample scores 0. Class docstring and TASK_WEIGHTS (consistency 0.2 / match 0.8) do not match the code; TASK_WEIGHTS is unused. A 'circle' is any red (hue within 18 of red, S,V>=50) contour with area>=100 and interior fill <0.9, not necessarily round. Only the last generated frame is read (plus GT first/final)."
G-212_find_incorrect_arrow_direction_data-generator,G-212,Out_of_Domain_50_part1.SelectLineEvaluator,"total = match * (0.6 + 0.4*mean(bg, fg, area)); match = max(0, correct - wrong - T(ambiguous_ratio; 0->0, 0.4->1)); each circle selects the item with the largest overlap if that overlap is >1% and >3x every other nonzero overlap (per-item score 1), otherwise the circle is ambiguous; correct = target selected (0/1), wrong = any distractor selected (0/1); bg = T(bg_change; 0.02->1, 0.05->0), fg = T(fg_change; 0.5->1, 0.8->0), area = T(red_area; 0.1->1, 0.2->0).",target_selected: decision; distractor_selected: decision; ambiguous_or_stray_circles: preservation; background_change: preservation; foreground_change: preservation; red_area: rendering,1,0.0,"One stray circle next to the correct one gives ambiguous ratio 0.5 -> penalty 1 -> match = max(0, 1 - 0 - 1) = 0 -> total 0. Alt: with no stray or ambiguous circles, total = 1*(0.6 + 0.4*0) = 0.60.","point: [x, y] centre of the arrow that points differently from the others (point_nearest over par.positions, 70 px)",yes,Both grade which arrow is marked.,"_pro_incorrect_arrow tags the target by role or incorrect_index; a second wrongly tagged target would cap a correct answer at 0.5, but GT videos score 1.0 on all 5 samples and g27 scores 1.0 on 3, so that does not happen on this data. Per-item scores are binary once a circle clearly selects an arrow. HSV floor patch and Hough fallback from __init__.py apply. Only the last frame is read."
G-217_circle_central_dot_data-generator,G-217,In_Domain_50_part2.SelectFigureEvaluator,"total = M*(0.6+0.4*(BGc+FGc+AP)/3); M = max(0, (correct-wrong)*(0.5+0.5*FGc)*(0.4+0.6*AP) - AMB); correct = mean over target shapes of ramp(share of the shape mask inside a red hollow contour in the last frame: 0.5->0, 0.7->1); wrong = max of the same over non-target shapes; a red contour that covers any shape 25-50% is 'ambiguous' and skipped; AMB = ramp(share of ambiguous contours: 0.2->0, 0.6->1); BGc = ramp(HSV-change ratio of non-shape area vs GT first frame: 0.02->1, 0.2->0); FGc = ramp(HSV-change ratio on shape masks dilated 20 px, red pixels removed: 0.03->1, 0.3->0); AP = ramp(red pixels inside detected contours / frame area: 0.05->1, 0.5->0)",correct_match: decision; wrong_match: decision; ambiguity_penalty: rendering; circle_area_penalty: rendering; foreground_consistency: preservation; background_consistency: preservation,1,0.0,"AMB=1 (60%+ of red contours ambiguous, e.g. 1 clean circle plus 2 partial ones) gives M=max(0, 1*0.5*0.4-1)=0 -> 0. With no ambiguous contours: M=1*(0.5+0)*(0.4+0)=0.2, total=0.2*(0.6+0.4*0)=0.12.",index: 0-based position of the middle dot counted from the left (int_exact),yes,"Both grade which shape is selected; the scorer takes the target from the GT final circle, the text from metadata.","This task_type has no converter in utils._PRO_CONVERTERS, so the image fallback is used: shapes = non-white blobs (area>=100) in the GT first frame, target = blob nearest each red contour found in the GT final frame (unless ./annotations/<task>/<idx>.json with correct_items exists in the run directory). If no GT red contour is found the processor raises and the sample scores 0. Class docstring and TASK_WEIGHTS (consistency 0.2 / match 0.8) do not match the code; TASK_WEIGHTS is unused. A 'circle' is any red (hue within 18 of red, S,V>=50) contour with area>=100 and interior fill <0.9, not necessarily round. Only the last generated frame is read (plus GT first/final)."
G-218_identify_largest_angle_in_triangle_data-generator,G-218,Out_of_Domain_50_part1.SelectFigureOutOfDomainEvaluator,"total = match * (0.6 + 0.4*mean(bg, fg, area)); match = max(0, (correct - wrong) * (0.5 + 0.5*bg) * (0.5 + 0.5*fg) * (0.4 + 0.6*area) - T(ambiguous_ratio; 0.2->0, 0.6->1)); a circle covering 25-60% of any item box is ambiguous and ignored, otherwise each item box it covers >=60% gets T(cov; 0.6->0, 0.7->1); correct = that score for the target, wrong = max over distractors; bg = T(bg_change; 0.015->1, 0.03->0), fg = T(fg_change; 0.55->1, 0.7->0), area = T(red_area; 0.075->1, 0.1->0).",target_circled: decision; distractor_circled: decision; ambiguous_circles: decision; background_change: preservation; foreground_change: preservation; red_area: rendering,1,0.06,"match = max(0, (1-0)*0.5*0.5*0.4 - 0) = 0.10; total = 0.10*(0.6 + 0.4*0) = 0.06.","vertex: [x, y] of the triangle vertex with the largest interior angle (point_nearest over sgt.vertices[*].xy, 50 px)",yes,Both grade which of the three vertices is marked.,"A GT-sized circle covers pi/4 = 78.5% of its vertex box, so a circle with radius below ~0.94 r loses credit and one below ~0.87 r becomes ambiguous: the target term itself needs a near-GT circle size. bg, fg and area enter twice. A later circle overwrites an earlier circle's score for the same item. HSV floor patch and Hough fallback from __init__.py apply. Only the last frame is read. GT videos score 1.0 on all 5."
G-219_select_leftmost_shape_data-generator,G-219,In_Domain_50_part2.SelectFigureEvaluator,"total = M*(0.6+0.4*(BGc+FGc+AP)/3); M = max(0, (correct-wrong)*(0.5+0.5*FGc)*(0.4+0.6*AP) - AMB); correct = mean over target shapes of ramp(share of the shape mask inside a red hollow contour in the last frame: 0.5->0, 0.7->1); wrong = max of the same over non-target shapes; a red contour that covers any shape 25-50% is 'ambiguous' and skipped; AMB = ramp(share of ambiguous contours: 0.2->0, 0.6->1); BGc = ramp(HSV-change ratio of non-shape area vs GT first frame: 0.02->1, 0.2->0); FGc = ramp(HSV-change ratio on shape masks dilated 20 px, red pixels removed: 0.03->1, 0.3->0); AP = ramp(red pixels inside detected contours / frame area: 0.05->1, 0.5->0)",correct_match: decision; wrong_match: decision; ambiguity_penalty: rendering; circle_area_penalty: rendering; foreground_consistency: preservation; background_consistency: preservation,1,0.0,"AMB=1 (60%+ of red contours ambiguous, e.g. 1 clean circle plus 2 partial ones) gives M=max(0, 1*0.5*0.4-1)=0 -> 0. With no ambiguous contours: M=1*(0.5+0)*(0.4+0)=0.2, total=0.2*(0.6+0.4*0)=0.12.","point: [x,y] centre of the leftmost shape (point_nearest over shape centres, 100 px)",yes,"Both grade which shape is selected; the scorer takes the target from the GT final circle, the text from metadata.","This task_type has no converter in utils._PRO_CONVERTERS, so the image fallback is used: shapes = non-white blobs (area>=100) in the GT first frame, target = blob nearest each red contour found in the GT final frame (unless ./annotations/<task>/<idx>.json with correct_items exists in the run directory). If no GT red contour is found the processor raises and the sample scores 0. Class docstring and TASK_WEIGHTS (consistency 0.2 / match 0.8) do not match the code; TASK_WEIGHTS is unused. A 'circle' is any red (hue within 18 of red, S,V>=50) contour with area>=100 and interior fill <0.9, not necessarily round. Only the last generated frame is read (plus GT first/final)."
G-221_outline_innermost_square_data-generator,G-221,Out_of_Domain_50_part3.OutlineInnermostSquareEvaluator,"score = acc * (0.6 + 0.4*fore); acc = mean over GT blue outlines of max(IoU of filled contours if matched at IoU >= 0.1 else 0, 0.9*cov*min(1, gt_area/gen_area) if a generated centroid lies inside) * len_penalty(n_gt, max(matched, contained), n_gen) (-0.3 per missing, -0.5 per extra); fore = exp(-0.0005*MSE) vs the GT final frame over its non-white, non-blue pixels",outline_iou: decision; outline_count: decision; fore_consistency: preservation,1,0.6,"acc 1, fore 0: 1*(0.6+0.4*0) = 0.6",side_px: side length in px of the innermost square; num_tol 30 vs par.squares[-1].size,yes,"The squares are concentric, so the side length fixes which square the outline must follow.","Docstring says 60/40; code multiplies acc by (0.6+0.4*fore). The outline must be blue (RGB R,G <= 80, B >= 150), closed after a 5 px closing, hollow (blue fill <= 0.6) and outermost (RETR_EXTERNAL), otherwise acc is 0. IoU is continuous, so outlining the next larger square still earns about (s_inner/s_outer)^2. fore compares with the GT final frame, not the generated first frame, and covers nearly the whole canvas (no white background)."
G-222_mark_tangent_point_of_circles_data-generator,G-222,Out_of_Domain_50_part3.MarkTangentPointEvaluator,"score = max(0, sel*(1 - sum over eligible rings pen_c)) * (0.6 + 0.4*mean(bg, fg, area)); eligible = detected black hollow rings whose filled interior differs from the GT first frame in >= 5% of pixels; sel = thr(best eligible ov over the +/-8 px tangent box; 0.4->0, 0.5->1); pen_c = thr(r_c; 0.1->0, 0.15->1) for a ring on the target, thr(r_c; 0->0, 0.05->1) otherwise, r_c = sqrt(ring area)/H; bg = thr(0.05->1, 0.2->0), fg = thr(0.15->1, 0.25->0), area = thr(dark px inside rings / frame; 0.3->1, 0.5->0)",tangent_coverage: decision; wrong_ring_penalty: decision; ring_size_penalty: rendering; background_consistency: preservation; foreground_consistency: preservation; dark_area_penalty: rendering,1,0.0,"sel 1 and no wrong ring, but the target ring is oversize (pen 1): max(0, 1*(1-1)) = 0, so 0*(0.6+0.4*0) = 0","point: [x, y] where the two touching circles meet; point_tol 30 px vs sgt.tangent_point_px",yes,Both check the location of the tangent point.,"Penalties are summed, not averaged: one wrong ring of radius about 29 px or more zeroes the score. Marks must be black (V <= 90) hollow contours (fill < 0.9); a ring whose interior changes < 5% (e.g. very thin and large) is ignored. Targets come from metadata (converter mark_tangent_point_of_circles, one box, no distractors). TASK_WEIGHTS (0.4/0.6) unused. With a normal-size ring and preservation 0 the score is 0.6 (0.73 if the dark-area term stays 1)."
G-223_highlight_horizontal_lines_data-generator,G-223,Out_of_Domain_50_part3.SelectLineBlackCircleEvaluator,"score = max(0, correct - wrong - amb) * fg * (0.6 + 0.4*mean(bg, fg, area)); a black ring selects the segment box it overlaps most (> 1% of the box) only if that overlap is > 3x its overlap with any other box, else the ring is ambiguous; correct = share of horizontal-segment boxes selected; wrong = 1 if any non-horizontal box is selected; amb = thr(ambiguous ring share; 0->0, 0.4->1); bg = thr(0.02->1, 0.05->0), fg = thr(0.15->1, 0.4->0), area = thr(dark px inside rings / frame; 0.1->1, 0.2->0)",horizontal_selected: decision; wrong_line_selected: decision; ambiguous_rings: decision; foreground_consistency: preservation; background_consistency: preservation; ring_area_penalty: rendering,1,0.0,"correct 1, wrong 0, amb 0, but fg 0 gates the match: 1*0*(0.6+0.4*0) = 0","midpoints: [x, y] of the midpoint of every horizontal line, any order; point_set_tol 40 px vs sgt.expected_final_markings[*].midpoint",yes,"Both check which lines are horizontal: the text lists their midpoints, the scorer checks which segment boxes are ringed.","fg enters twice (gate on the match term and inside consistency); with fg = 1 and bg = 0 the score is 0.87. Selection is binary per ring and needs only > 1% overlap with a segment box, so ring size is not checked beyond ambiguity. Method docstring ('select next figure increasing') is a copy-paste and TASK_WEIGHTS (0.3/0.7) are unused. Targets use the highlight_horizontal_lines converter (sgt.horizontal_segments correct, sgt.non_horizontal_segments distractors); I could not confirm from local files that these keys exist (without them the processor falls back to image shape detection, labelling the GT-ringed segments as targets); GT scores 1.0 on all 5 samples either way."
G-240_add_borders_to_unbordered_shapes_data-generator,G-240,Out_of_Domain_50_part3.AddBordersToUnborderedEvaluator,"score = acc * (0.6 + 0.4*(0.5*back + 0.5*fore)); black hollow closed contours in the last frame (gen), GT final (gt) and GT first (ini) are matched gt-to-gen at IoU >= 0.1; acc = 0 if nothing matches or matches < n_ini; acc = 1 if all match and n_gt == n_ini; else mean IoU after dropping the n_ini best (taken as old borders); then acc *= len_penalty(n_gt-n_ini, kept, n_gen-n_ini) (-0.3 per missing, -0.5 per extra); back = exp(-0.0005*MSE) on GT-final white pixels, fore = same on non-white non-black pixels, both vs the GT final frame",new_border_iou: decision; border_count: decision; old_border_retention: preservation; back_consistency: preservation; fore_consistency: preservation,1,0.0,"new borders perfect, back = fore = 0 gives acc*(0.6+0) = 0.6*acc; with old borders also lost (retention 0) acc = 1 if no shape starts bordered (0.6), 0.7 with 1 of 3 pre-bordered (0.42), 0 with 2 of 3 (matches < n_ini, or nothing left after dropping n_ini) -> worst case 0","points: [x, y] centres of every shape without a black border, any order; point_set_nearest (<= 150 px) over sgt.all_shapes",yes,"Both hinge on which shapes lack a border; the scorer does not penalise re-bordering an already bordered shape, so bordering every shape also passes it.","The ceiling depends on how many shapes start bordered (per-sample values 0.6 / 0.42 / 0 for 0 / 1 / 2 of 3 pre-bordered); if old borders are kept the decision-only score is 0.6. Docstring says 60/20/20; code multiplies. Borders must be black (RGB <= 120 each), closed after a 5 px closing and hollow (black fill <= 0.6). IoU uses enclosed regions, so stroke width does not matter. Both consistency terms compare with the GT final frame, not the generated first frame."
G-247_identify_chinese_character_data-generator,G-247,Out_of_Domain_50_part1.SelectFigureOutOfDomainEvaluator,"total = match * (0.6 + 0.4*mean(bg, fg, area)); match = max(0, (correct - wrong) * (0.5 + 0.5*bg) * (0.5 + 0.5*fg) * (0.4 + 0.6*area) - T(ambiguous_ratio; 0.2->0, 0.6->1)); a circle covering 25-60% of any item box is ambiguous and ignored, otherwise each item box it covers >=60% gets T(cov; 0.6->0, 0.7->1); correct = that score for the target, wrong = max over distractors; bg = T(bg_change; 0.015->1, 0.03->0), fg = T(fg_change; 0.55->1, 0.7->0), area = T(red_area; 0.075->1, 0.1->0).",target_circled: decision; distractor_circled: decision; ambiguous_circles: decision; background_change: preservation; foreground_change: preservation; red_area: rendering,1,0.06,"match = max(0, (1-0)*0.5*0.5*0.4 - 0) = 0.10; total = 0.10*(0.6 + 0.4*0) = 0.06.","point: [x, y] centre of the Chinese character (point_nearest over sgt.all_characters[*].position, 100 px)",yes,Both grade which character is marked.,"Item boxes (half-size 70 px) come from metadata.json via the v2 converter _pro_chinese_char. bg, fg and area enter twice. A later circle overwrites an earlier circle's score for the same item. HSV floor patch and Hough fallback from __init__.py apply. Only the last frame is read. GT videos score 1.0 on all 5."
G-248_mark_asymmetrical_shape_data-generator,G-248,In_Domain_50_part2.SelectFigureEvaluator,"total = M*(0.6+0.4*(BGc+FGc+AP)/3); M = max(0, (correct-wrong)*(0.5+0.5*FGc)*(0.4+0.6*AP) - AMB); correct = mean over target shapes of ramp(share of the shape mask inside a red hollow contour in the last frame: 0.5->0, 0.7->1); wrong = max of the same over non-target shapes; a red contour that covers any shape 25-50% is 'ambiguous' and skipped; AMB = ramp(share of ambiguous contours: 0.2->0, 0.6->1); BGc = ramp(HSV-change ratio of non-shape area vs GT first frame: 0.02->1, 0.2->0); FGc = ramp(HSV-change ratio on shape masks dilated 20 px, red pixels removed: 0.03->1, 0.3->0); AP = ramp(red pixels inside detected contours / frame area: 0.05->1, 0.5->0)",correct_match: decision; wrong_match: decision; ambiguity_penalty: rendering; circle_area_penalty: rendering; foreground_consistency: preservation; background_consistency: preservation,1,0.0,"AMB=1 (60%+ of red contours ambiguous, e.g. 1 clean circle plus 2 partial ones) gives M=max(0, 1*0.5*0.4-1)=0 -> 0. With no ambiguous contours: M=1*(0.5+0)*(0.4+0)=0.2, total=0.2*(0.6+0.4*0)=0.12.","point: [x,y] centre of the asymmetrical shape (point_nearest over shape centres, 100 px)",yes,"Both grade which shape is selected; the scorer takes the target from the GT final circle, the text from metadata.","This task_type has no converter in utils._PRO_CONVERTERS, so the image fallback is used: shapes = non-white blobs (area>=100) in the GT first frame, target = blob nearest each red contour found in the GT final frame (unless ./annotations/<task>/<idx>.json with correct_items exists in the run directory). If no GT red contour is found the processor raises and the sample scores 0. Class docstring and TASK_WEIGHTS (consistency 0.2 / match 0.8) do not match the code; TASK_WEIGHTS is unused. A 'circle' is any red (hue within 18 of red, S,V>=50) contour with area>=100 and interior fill <0.9, not necessarily round. Only the last generated frame is read (plus GT first/final)."
G-24_separate_objects_no_spin_data-generator,G-24,Out_of_Domain_50_part1.SeparateObjectsNoSpinEvaluator,"score = intermediate_coverage * [0.40*alignment + 0.60*non_alignment*(0.25 + 0.75*alignment)]; alignment = mean_i(1 if the final centre is within 5 px of its paired outline centre, linear to 0 at 125 px); non_alignment = weighted geometric mean(process 0.5, bg 0.1), 0 if either is 0; process = mean_i weighted geometric mean(motion_quality 0.25, teleport 0.15, rotation 0.10); intermediate_coverage = mean_i(1 if the object is seen at 25-75% of its path in some middle frame, else 0); 0 with <2 frames.",alignment: decision; intermediate_coverage: process; motion_quality: process; teleport_score: process; rotation_score: preservation; bg_preservation: preservation,1,0.0,"intermediate_coverage = 0 multiplies the whole score -> 0. Alt: with the middle-frame check passed and every other non-decision term 0, score = 0.40*1 + 0.60*0 = 0.40.","moves: one {from: [x, y], to: [x, y]} per object (custom: from maps one-to-one to start centres within 150 px, to within 30 px of that object's end centre)",yes,Both grade which outline each object ends at.,"Docstring says score = 0.15*alignment + 0.85*non_alignment*gate with object weights 0.50/0.15/0.10 and no intermediate_coverage term; code takes 0.40/0.60 from SCORE_WEIGHTS (alignment 0.40, motion 0.25, teleport 0.15, rotation 0.10, bg 0.10) and multiplies by intermediate_coverage. horizontal_ratio is computed but not used. GT videos score 0.98-1.0."
G-250_color_triple_intersection_red_data-generator,G-250,Out_of_Domain_50_part3.ColorTripleIntersectionEvaluator,"score = red * (0.6 + 0.4*pres); red = cov_tier(overlap/GT red area) * prec_tier(overlap/generated red area); cov tiers: >= 0.9 -> 1, 0.7 -> 0.7, 0.4 -> 0.3, linear between and to 0; prec tiers: >= 0.85 -> 1, 0.6 -> 0.7, 0.3 -> 0.4, linear between and to 0; red masks = HSV hue <= 10 or >= 160, S,V >= 80; pres = piecewise-linear score of the share of pixels changed (gray diff > 20) between generated first and last frame outside the dilated GT red region (1 below 0.5%, 0.7 at 2%, 0.3 at 5%, 0 at 10%)",red_coverage: decision; red_precision: decision; outside_preservation: preservation,1,0.6,"cov = prec = 1, pres 0: 1*(0.6+0.4*0) = 0.6","bbox: [x_min, y_min, x_max, y_max] of the region inside all three circles; every edge within 20 px of the GT box from sgt.answer_region.polygon_px",yes,"Both identify the triple-overlap region: the text by its bounding box, the scorer by pixel fill.",uses_intermediate_frames is true only because video_frames[0] is the preservation reference; no in-between frames are read. Docstring says 'IoU' and 60/40; code uses tiered coverage times tiered precision (IoU only reported) and multiplies by preservation. The fill must be saturated red. Red spilled outside the region is counted twice (precision and preservation). An unchanged video scores 0.
G-25_seperate_object_spinning_data-generator,G-25,In_Domain_50_part1.SeparateObjectsSpinningEvaluator,"total = clip(0.15*A + 0.85*NA*(0.25+0.75*A)); A = mean over GT objects plus extra last-frame shapes (extras 0) of pose_i = min(1, IoU(final shape, GT target contour)/0.85) (1 if the centre is within 1 px and IoU>=0.8); NA = PROC^(0.75/0.85) * BG^(0.10/0.85) (0 if either is 0); PROC = mean_i geo(path_quality 0.35, sequence 0.25, teleport 0.15) * translation-milestone evidence * rotation-phase evidence; sequence = geo(rotate-before-move 0.10, no rotation during/after move 0.08, rotation cleanliness 0.04, visibility 0.03); BG = mean per-frame background similarity to the GT first frame (moving shapes masked, bad-pixel cap)",final_pose: decision; extra_shapes: preservation; path_quality: process; rotation_sequence: process; visibility: process; teleport: process; milestones: process; background_preservation: preservation,1,0.0,"Extra shapes dilute A toward 0, and with NA=0 total=0.15*A -> 0 (e.g. 3 objects + 3 extras: 0.075). With no extra shapes: A=1, PROC=0 -> NA=0 -> 0.15*1+0=0.15.","moves: one {from,to} pixel-centre pair per solid object into its matching outline, orientation not graded (matched_moves: from<=60 px, to<=35 px)",partial,Text grades the object-to-outline pairing and final centre only; the scorer's pose IoU also needs the final rotation and shape to match the outline.,"SCORE_WEIGHTS are used inside geometric means and a gate, not as a weighted sum. Any zero among the process factors or BG zeroes NA, leaving at most 0.15*A."
G-273_high_density_liquid_data-generator,G-273,Out_of_Domain_50_part3.HighDensityLiquidEvaluator,"score = 0.6*final + 0.4*process; final = pos*(0.5 + 0.5*pres); pos = mean over objects of sc*multi*area; sc = 1/0.5/0 for last-frame y within 0.8/1.5 tol of the generated liquid surface (float), or below the water line and within 1/2 tol of GT final y (sink); multi = 1/0.6/0.2 for 1/2/3+ same-hue blobs in the cup column; area = 1/0.7/0.3 by area ratio to GT (0.8-1.3 / 0.5-2.0 / else); pres = bg*liquid (bg: first vs last frame outside cups; liquid: each level within 0.5/1/1.5 object heights of the GT water level -> 1/0.7/0.4/0); process = non_tp*(0.1 + 0.3*opc + 0.3*stab + 0.3*area_c) over all frames; 0 if metadata cups/objects are missing",object_final_position: decision; object_area: preservation; single_object_per_cup: preservation; scene_preservation: preservation; non_teleport: process; one_per_column: process; area_consistency: process; scene_stability: process,1,0.02,"sc 1 per object with area 0.3 and multi 0.2 floors: pos = 0.06; pres 0: final = 0.06*0.5 = 0.03; process near 0 (non_tp floor <= 0.06 for sinkers, 0 for floaters; opc = stab = 0, area_c floor 0.3): 0.6*0.03 + 0.4*(<= 0.06)*0.19 = 0.018 + <= 0.005, about 0.02","result: {special_cup: 0-based index of the odd-liquid cup, special_object_floats: bool}; fields_exact vs sgt.special_cup_index and sgt.special_has_high_density",yes,"The two fields fix every object's float or sink outcome, which is what object_final_position checks.","Docstring lists additive 40/20/15/15/10; code multiplies (final = pos*(0.5+0.5*pres), process = non_tp*(...)) and adds area_consistency. Even a perfect final state with zero process earns at most 0.6; with object size and count kept but scene preservation and process 0 the score is 0.3. The float target is the generated liquid surface, not the GT one. Reads every frame for the process terms. Video v2 scores for g5/g27 are 0.23-0.43 on all 5 samples."
G-29_chart_extreme_with_data_data-generator,G-29,In_Domain_50_part2.ChartExtremeEvaluator,"score = acc*(0.6+0.4*(0.5*back+0.5*fore)); acc = mean IoU of greedily matched red hollow closed contours (fill<=0.7) between the last frame and the GT final (IoU>=0.1 to match) * max(0,1-0.3*missing)*max(0,1-0.5*extra); back = (SSIM+1)/2 on GT-white pixels; fore = SSIM on non-white non-red GT pixels (>=0.95 -> SSIM, >=0.9 -> 0.5, else 0)",mark_accuracy: decision; back_consistency: preservation; fore_consistency: preservation,1,0.6,"acc=1, back=fore=0: 1*(0.6+0.4*0)=0.6.","element: index of the requested max/min element, left to right (pie: clockwise from 12 o'clock) (int_exact)",yes,Both grade which chart element is marked.,"IoU is against the GT mark's filled area, so a correct mark drawn larger, smaller or with another shape scores below 1. Docstring (60/20/20 additive) differs from the multiplicative code. back is (SSIM+1)/2, so in practice it rarely falls below ~0.5."
G-31_directed_graph_navigation_data-generator,G-31,In_Domain_50_part2.DirectedGraphNavigationEvaluator,"total = 0.40*PV + 0.25*Cm + min(1,Cm/0.4)*(0.20*FG + 0.15*BG); Cm = 1 if the largest blue triangle in the last frame is within 2% of the diagonal of the GT-final agent, 0 beyond 15%, divided by the triangle count if >1; PV = smoothness * IoU of 45-px trajectory strokes (generated vs GT video), divided by the mean triangle count if >1; smoothness = max(0, 1-0.3*jumps over 15% of the diagonal); FG = pixel similarity^2 of generated first vs last frame on first-frame graph pixels (agent masked; 0 if <0.3); BG = similarity^3 on background pixels (0 if <0.6); returns 0 if <2 frames",completion: decision; trajectory_iou: decision; smoothness: process; extra_agents: preservation; foreground_preservation: preservation; background_preservation: preservation,1,0.0,"Extra triangles divide Cm and PV by their count, so the score goes to 0 as extras grow. With one triangle: 0.40*(0*1)+0.25*1+min(1,1/0.4)*(0.2*0+0.15*0)=0.25.","path: [x,y] centres of visited nodes from green start to red end (point_set_nearest, 100 px, order ignored)",yes,Both grade which nodes the agent visits and that it ends at the red node; the scorer also compares the drawn route shape.,"Docstring weights (25/40/20/15) and inline comments (30/30/25) differ from the code, which gates preservation by completion. Trajectory IoU depends on the route drawn between nodes, not only on which nodes are visited."
G-39_attention_shift_different_data-generator,G-39,In_Domain_50_part2.AttentionShiftEvaluator,"score = pos*size*count*(0.6+0.4*(OP+BP)/2); pos = piecewise-linear in box-centre distance to the GT box / diagonal (<=0.02 -> 1, 0.08 -> 0.6, 0.10 -> 0.3, >=0.14 -> 0); size = if the box encloses the target object's bbox: 1 (area ratio to GT <=1.5), 0.4 (<=2.5), else 0.1; if not: 0.6 (ratio 0.8-1.2), 0.4 (0.5-2.0), else 0; count = 1 box -> 1, 2 -> 0.3, >=3 -> 0 (box = hollow green rectangle); OP/BP = tiered changed-pixel ratio (gray diff >20) vs the GT first frame on object / background masks (OP cut-offs 0.1/0.2/0.3/0.5, BP 0.015/0.025/0.035/0.05 -> 1/0.8/0.5/0.2/0)",box_position: decision; box_count: decision; box_size: rendering; objects_preserved: preservation; background_preserved: preservation,1,0.0,box_size can be 0 (a small box centred on the target) and multiplies the score -> 0. With size=1: 1*1*1*(0.6+0.4*0)=0.6.,"box_center: [x,y] centre of the green box at the end (point_nearest over object centres, 200 px)",yes,Both grade which object the box ends on.,"Docstring (60/20/20) and TASK_WEIGHTS (0.8/0.2) differ from the multiplicative code. Only the last generated frame is read; preservation compares it with the GT first frame. The box must be a hollow green (HSV 35-85) rectangle (fill of bbox >=0.8, hole >=8%) to be detected."
G-3_stable_sort_data-generator,G-3,In_Domain_50_part1.StableSortEvaluator,"score = A*(0.6+0.4*(0.5*F+0.5*B)); A = 0.3*H+0.3*G+0.4*S if every GT-final object is found in the last frame by fixed-scale template match (colour L1 similarity>=0.8), else A = 0.3*H (A=0 if <2 found); H = 0.3 if any centre is >0.2*mean bbox height off the mean y, else 1/(1+(5*max(0, std_y/h-0.1))^2) (so H is 0.3 or >=0.8); G = 1 if <=1 shape-type change along x; S = mean over the 2 shape clusters of (1-wrong_adjacent_ratio)^2 using the matched GT pattern areas; F = {1,0.5,0} for {0,1,>=2} missing objects minus 0.5 per extra non-grey blob (>=0); B = exp(-13.86*non-grey fraction outside matched bboxes); returns 0 if <2 frames or <2 GT patterns",match_gate: preservation; horizontal_alignment: rendering; grouping: decision; size_order: decision; fore_consistency: preservation; back_consistency: preservation,1,0.0,"match_gate at 0 means no object matches -> A=0 -> 0. With the gate open: A=0.3*0.3+0.3*1+0.4*1=0.79, score=0.79*(0.6+0.4*0)=0.474.","order: current [x,y] centres of all six shapes in final left-to-right order (sorted_line_order: grouped by type, size ascending, either group first)",yes,"Text checks type grouping and ascending size inside each group with either group first, the same two decision terms.",This is the reviewer's case: a correct order counts only if all objects still template-match their GT-final appearance. Docstring weights (60/20/20) differ from the multiplicative code. Only the last generated frame is read.
G-41_grid_highest_cost_data-generator,G-41,In_Domain_50_part2.GridHighestCostEvaluator,"final = min(1, cost(tracked path)/optimal_cost * L1 * L2) * (0.6+0.4*BG); tracked path = cells of the largest yellow blob over all frames, extended only by legal 4-adjacent unvisited steps (2-cell moves bridged if the cell was seen); L1 = max(0, 1-0.2*(illegal transitions + post-end drifts)/len(optimal path)); L2 = max(0, 1-0.01*frames off the goal after reaching it); optimal_cost = DFS max over simple paths on costs OCR'd from the GT first frame ((0,0) excluded); BG = mean per-frame background similarity to the GT first frame (agents and the hidden (0,0) digit masked); returns 0 if OCR fails",path_cost: decision; illegal_transitions: process; post_end_motion: process; background_preservation: preservation,1,0.0,"L1 or L2 can be 0 and multiplies everything -> 0. With L1=L2=1: min(1,1*1*1)*(0.6+0.4*0)=0.6.","path: [col,row] cells start->goal, 4-adjacent, no revisits (grid_path, max_cost, ties accepted)",yes,Both grade a simple start-to-goal path with maximum total cost (ties accepted).,"Class docstring (cost ratio x on-path discount) differs from the code (legality factors and background multiplier). The path is not required to end at the goal; min(1,.) caps. A skipped cell that cannot be bridged stops the tracked path, so frame gaps also lower the cost term. On an optimal path revisits cannot occur, so L1 then only measures motion rendering."
G-43_understand_scene_structure_data-generator,G-43,In_Domain_50_part2.UnderstandSceneStructureEvaluator,"score = acc*(0.6+0.4*(0.5*back+0.5*fore)); acc = mean over GT green hollow closed contours (GT video last frame, area>=300) of IoU with the greedily matched generated contour, raised to 0.9*coverage (share of the GT contour covered by generated contours) when a generated centroid lies inside it; acc *= max(0,1-0.3*missing)*max(0,1-0.5*extra); back = (SSIM+1)/2 on GT-white pixels; fore = SSIM on non-white non-green GT pixels (>=0.95 -> SSIM, >=0.9 -> 0.5, else 0)",room_mark_accuracy: decision; back_consistency: preservation; fore_consistency: preservation,1,0.6,"acc=1, back=fore=0: 1*(0.6+0.4*0)=0.6.",room: row-major index of the requested room from the top-left (int_exact),yes,Both grade which room is marked.,"Docstring (60/20/20 additive) differs from the multiplicative code. The mark must be a green (RGB G>=100, R,B<=100) closed hollow outline; a hull fallback accepts 1-2 strokes that nearly close. back is (SSIM+1)/2, so in practice it rarely falls below ~0.5."
G-45_key_door_matching_data-generator,G-45,In_Domain_50_part2.KeyDoorMatchingEvaluator,"score = ((P + (1-0.7*D) + Cv)/3) * (0.4+0.6*W) * (0.4+0.6*K); P = mean per-frame proximity of agent blobs to GT-trajectory cells (0 at 2 cells; -0.2 per extra blob >1 cell off) * (0.3+0.7*reach), reach = 1 - last-frame cell distance to the target key / path length; Cv = actual/(actual+fill) of the tracked cell chain from start to the key (hops >2 cells BFS-filled); D = cell-based discontinuity; K = 1 if the target key cell is visited else 0.25; W = max(0.4, 1-0.15*wall cells entered); target colour = the door that vanishes in the GT video; returns 0 if no door vanishes or GT landmarks/agent are missing",proximity: decision; extra_agent_penalty: preservation; key_visited: decision; wall_hits: decision; coverage: process; continuity: process,1,0.1,"Extra-blob penalty makes P=0, Cv=0, D=1 -> 0.3: ((0+0.3+0)/3)*1*1=0.1. Without extra blobs: ((1+0.3+0)/3)=0.433.","path: [col,row] maze cells agent->key of the named colour->its door, both segments shortest (grid_path_via_waypoint)",partial,"The scorer's route ends at the key (reach, coverage and the GT reference stop there); the text also requires the key-to-door segment, which the scorer does not grade.","Docstring formula (product with 0.5^key_missed and 0.5^walls) differs from the code (mean of three terms times floored multipliers). The reference route is the GT video's agent trajectory, which per the docstring stops at the key; this could not be checked without GT videos."
G-47_multiple_keys_for_one_door_data-generator,G-47,Out_of_Domain_50_part1.MultipleKeysForOneDoorEvaluator,"score = proximity * (1 - 0.7*continuity_penalty) * 0.5^missed_keys * 0.5^wall_hit_cells * coverage * min(1, shortest/total_hops) * (0.6 + 0.4*bg_preservation); 0 if agent, door or BFS fail on the GT first frame.",proximity_on_tour: decision; extra_agents: preservation; keys: decision; walls: decision; length_factor: decision; coverage: decision; continuity: process; bg_preservation: preservation,1,0.0,"Five off-tour extra green blobs in every frame zero proximity -> score 0. Alt: with no extra agents, 1*(1-0.7*1)*1*1*1*1*(0.6+0.4*0) = 0.18 (0 if coverage is also counted as a no-teleport process check).","path: [col, row] cells from the agent to the door, 4-connected over free cells, all keys collected before the door, minimum total length (custom multi_key_path)",yes,"Both grade the key-collecting route: cells visited, walls avoided, keys collected, length.","The details formula string says 0.8*task + 0.2*bg and the class docstring omits the bg factor; code multiplies task_score by (0.6 + 0.4*bg). Grid size, walls, agent, keys and door are detected on the GT first frame; the optimal tour is a state-space BFS over any key order. Coverage is counted as decision because it enforces the connected-path rule that the text comparator also checks. GT videos score 0.995-0.998."
G-51_predict_next_color_data-generator,G-51,In_Domain_50_part2.PredictNextColorEvaluator,"score = 0.60*Cp + 0.25*FP + 0.15*BP; Cp = CIE76 colour score (dE<=5 -> 1, >=50 -> 0, linear) of the last frame vs GT final over the GT first->final change mask (gray diff >18); FP = the same dE score of generated first vs last frame on non-white pixels outside the change mask; BP = (1 - mean RGB distance/441.7)^3 on white pixels outside the mask (0 if <0.6)",new_item_colour: decision; foreground_preservation: preservation; background_preservation: preservation,1,0.6,"Cp=1, FP=BP=0: 0.6*1+0.25*0+0.15*0=0.6.","color: [R,G,B] fill of the next item (rgb_tol 30)",yes,"Both grade the colour of the next item (text RGB within 30, scorer mean dE in the GT item region).","Cp averages dE over every pixel of the GT change region, so the new item must also have the GT shape, size and position; the right colour drawn elsewhere scores ~0. uses_intermediate_frames is true only because preservation reads the generated first frame; no middle frame is read."
G-54_connecting_color_data-generator,G-54,Out_of_Domain_50_part1.ConnectingColorEvaluator,"score = correct_connections * (0.6 + 0.4*(object_pres + background_pres)/2); correct_connections = (connected same-colour pairs / expected pairs) * (1 - min(1, 0.2*cross_colour_links)) * pixel_factor; pixel_factor = 0.6 if correct-curve pixels > 5x GT curve pixels, 0.8 if > 3x, else 1; 0 with <2 frames or <2 objects.",pairs_connected: decision; cross_colour_links: rendering; curve_pixel_factor: rendering; object_preservation: preservation; background_preservation: preservation,1,0.0,"Crossing curves can reach 5+ cross-colour links -> (1 - 1) = 0 -> score 0. Alt: with no crossings, 1*1*0.6*(0.6 + 0.4*0) = 0.36 (0.60 with GT-like curve length).","pairs: one [[x1, y1], [x2, y2]] per colour, the centres of the two same-coloured shapes (custom unordered_pairs: endpoints within 105 px of shape centres, same colour, every shape used once)",yes,Both grade which shapes are paired.,"Docstring lists 80/20 additive; code is multiplicative. One crossing of a red and a blue curve joins all four shapes (4 links -> x0.2), so routing matters as much as the pairing. Only the last frame is read (at least 2 frames are required). GT videos score 1.0 on all 5."
G-5_multi_object_placement_data-generator,G-5,In_Domain_50_part1.MultiObjectPlacementEvaluator,"total = mean over GT-final objects plus extra last-frame blobs (extras score 0) of s_i, times (0.4+0.6*0.5^moved_stars); s_i = endpoint_i * (0.5+0.5*path_i if source-target distance >40 px, else 1) * quality_i; endpoint_i = 1 within 80 px of the GT-final same-colour object (Hungarian per colour), linear to 0 at 200 px; path_i = source_anchor*progress*forward_ratio*lateral (lateral full <=20 px, 0 at 80 px); quality_i = 0.25^min(teleports,6) * 0.8 per failed check (directness<0.95, speed uniformity<0.65, area stability<0.75, track completeness<0.95), and quality_i = 0 if the final blob has no linked tracklet; s_i = 0 if no same-colour last-frame blob or no same-colour first-frame origin",endpoint_placement: decision; path_functional: process; quality_discount: process; area_stability: preservation; extra_objects: preservation; star_markers_still: preservation,1,0.0,"quality_i multiplies every object and can be 0 (no tracklet link) or ~0.0002 (6 teleports), so 0. With quality_i=1 and no extra blobs: s_i=1*(0.5+0.5*0)=0.5, total=0.5*(0.4+0.6*0)=0.2.","moves: one {from,to} pixel-centre pair per coloured object (matched_moves: from<=60 px, to<=30 px of the same-colour marker)",yes,"Both grade each object's final position at its same-colour marker (text within 30 px, scorer full credit within 80 px).","Class docstring says final = mean * 0.5^moved_stars; the code uses (0.4+0.6*0.5^n). Objects are matched by colour, so colour identity is part of placement. The origin comes from the generated first frame."
G-8_track_object_movement_data-generator,G-8,In_Domain_50_part1.TrackObjectMovementEvaluator,"total = SP*(0.1+0.9*TA)*(0.2+0.8*0.5^n_moved)*DG*(0.4+0.6*HM*VS*IP); SP = min(1,IoU/0.75)*min(1,area_ratio/0.75)*min(1,aspect_sim/0.75) of the marked object's first-frame shape (translated) vs last-frame shape; TA = 1 if final x within 30 px of the red-star target's x (GT final), 0 at 120 px; n_moved = other tracklets displaced >20 px; DG = min(1, detected_frames/(0.5*N)); HM = min(1, x_range/40 px); VS = max(0, 1-y_range/60 px); IP = 1 if some intermediate detection is at 25-75% of the x progress; returns 0 if the generated first frame has no green-bordered object or the GT final has no target; if the marked object is not tracked, a 2-point fallback uses the same formula without DG",target_alignment: decision; shape_preservation: preservation; bystanders_still: preservation; detection_gate: process; horizontal_motion: process; vertical_stability: process; intermediate_progress: process,1,0.0,"SP and DG multiply the whole score and can be 0, so 0. With SP=DG=1: 1*(0.1+0.9*1)*(0.2+0.8*0)*1*(0.4+0.6*0)=0.08.","final_center: [x,y] of the green-bordered object after the move (point_tol 30 px)",yes,Text grades the final centre within 30 px; the scorer grades final x within 30 px and y only through vertical_stability.,"Docstring formula (movement x target_alignment x only_one_moved) differs from the code (floors, detection gate, process multiplier). lift_score is computed but unused. The green border must be visible in the generated first frame; the fallback also needs it in the last frame."
G-9_identify_objects_in_region_data-generator,G-9,In_Domain_50_part1.IdentifyObjectsInRegionEvaluator,"score = acc*(0.6+0.4*(0.5*back+0.5*fore)); acc = mean over GT green hollow closed contours (GT video last frame) of IoU with the greedily matched generated contour (IoU>=0.1), raised to 0.9 if a generated contour's centroid lies inside it or a generated contour's inner colour is within 60 of its inner colour; acc *= max(0,1-0.3*missing)*max(0,1-0.5*extra); back = (SSIM+1)/2 on GT-white pixels; fore = SSIM on non-white non-green GT pixels (>=0.95 -> SSIM, >=0.9 -> 0.5, else 0)",outline_accuracy: decision; back_consistency: preservation; fore_consistency: preservation,1,0.6,"acc=1, back=fore=0: 1*(0.6+0.4*0)=0.6.","objects: [x,y] centres of every object to outline (point_set_nearest_masked, 45 px, must equal the target set)",yes,"Both grade the exact set of target objects (text by centres within 45 px, scorer by outlines).","Docstring (60/20/20 additive) differs from the multiplicative code. The inner-colour fallback gives 0.9 to a GT outline if any generated outline encloses a similar colour, even around a different object. back is (SSIM+1)/2, so in practice it rarely falls below ~0.5. Any extra green closed contour counts as an extra mark."
O-10_shape_outline_fill_data-generator,O-10,In_Domain_50_part3.ShapeOutlineFillEvaluator,"score = (0.60*completion + 0.25*fg_pres + 0.15*bg_pres) * min(1, completion/0.5) * min(1, fg_pres/0.5); completion = 0 if shape_score < 0.6, else 0.30*shape + 0.30*style + 0.25*size + 0.10*color + 0.05*position (largest contour in the bottom-right quadrant, last frame vs GT final)",outline_style: decision; shape: rendering; size: rendering; color: rendering; position: rendering; foreground_preservation: preservation; background_preservation: preservation,1,0.0,"fg_pres = 0 -> gate min(1, 0/0.5) = 0 multiplies the whole score (shape = 0 also forces completion = 0) -> 0.","style: fill/outline style of the missing bottom-right shape, one of 6 names (str_exact vs sgt.transformation.style_to (with aliases))",yes,"Both check the missing shape's style; the scorer only separates thin / thick / filled, the text checks the exact style name.","Docstring describes an additive 60/25/15 split; the code (_shape_transform_score) multiplies that sum by min(1, completion/0.5) * min(1, foreground_preservation/0.5), so a failed preservation zeroes the task. Reads the generated first frame only as the preservation reference (no middle frames). The style classifier has 3 bins against 6 spec styles; a dashed or dotted outline can split into separate contours, so the largest-contour features may then describe one dash (for GT and generated alike). With both preservation terms perfect but shape/size/color/position at 0, completion is still 0 through the shape gate."
O-11_shape_color_then_move_data-generator,O-11,Out_of_Domain_50_part4.ShapeColorThenMoveEvaluator,"0.60*(0.5*E + 0.5*F) + 0.25*fg_pres + 0.15*bg_pres; E (largest shape in bottom-middle cell of a 2x3 grid) = gate*(0.25*shape + 0.20*size + 0.40*color + 0.15*ypos)*color_ratio; F (right-column shape nearest GT F) = 0 if ypos < 0.5 else gate*(0.25*shape + 0.20*size + 0.15*color + 0.40*ypos); gate = min(1, shape/0.6); color = color_ratio if >= 0.75 else 0; ypos = max(0, 1 - 10*|dy|/H); 0 if < 2 frames or GT first/final missing",E color (completion): decision; F y-position (completion): decision; F color (completion): decision; E/F shape + shape_gate: preservation; E/F size: preservation; E y-position: preservation; foreground_preservation (0.25): preservation; background_preservation (0.15): preservation,1,0.0,shape score 0 -> gate 0 -> E = F = 0 -> completion 0; 0.60*0 + 0.25*0 + 0.15*0 = 0,"F: {rgb [r,g,b] fill colour of final shape F (tol 40), center_y px of F after its move (tol 12)}",yes,"Both check the new colour (F.rgb = E's colour) and the move offset (F's y); the scorer also checks E's colour, which equals F's.","Reads only the generated first and last frames (no mid-video frames). The docstring describes 3-column anchor matching for both shapes; the code uses a fixed 2x3 cell for E. If E/F shape, size and E's row also count as part of the answer, completion alone caps the score at 0.60, because fg/bg preservation holds 0.40 of the weight. Both colour branches in _compute_shape_score are identical; only E gets the extra x color_ratio."
O-12_shape_color_then_scale_data-generator,O-12,In_Domain_50_part3.ShapeColorThenScaleEvaluator,"score = (0.60*completion + 0.25*fg_pres + 0.15*bg_pres) * min(1, completion/0.5) * min(1, fg_pres/0.5); completion = 0.5*E + 0.5*F; E = gate*(0.25*shape + 0.20*size + 0.40*color_s + 0.15*pos) * color_ratio; F = gate*(0.25*shape + 0.40*size_s + 0.20*color + 0.15*pos) * size_ratio; gate = min(1, shape/0.6); color_s / size_s = ratio if >= 0.75 else 0",E_color: decision; F_size: decision; F_color: decision; E_size: rendering; shape: rendering; position: rendering; foreground_preservation: preservation; background_preservation: preservation,1,0.0,fg_pres = 0 -> gate 0 multiplies the whole score (shape = 0 also zeroes E and F) -> 0.,"final: {color: [R,G,B], size: size name} of the final bottom-row shape (fields_exact: color rgb_tol 30 vs sgt.colors.to_rgb, size str vs sgt.scales.to_name)",yes,Text checks the target color and size; the scorer checks the same color in E and F and the size in F.,"Docstring describes an additive 60/25/15 split; the code (_shape_transform_score) multiplies that sum by min(1, completion/0.5) * min(1, foreground_preservation/0.5), so a failed preservation zeroes the task. Reads the generated first frame only as the preservation reference. Code comment says 3x3 grid; the code uses a 2x3 grid (row 1, cols 1 and 2)."
O-13_shape_outline_then_move_data-generator,O-13,In_Domain_50_part3.ShapeOutlineThenMoveEvaluator,"score = (0.60*completion + 0.25*fg_pres + 0.15*bg_pres) * min(1, completion/0.5) * min(1, fg_pres/0.5); completion = 0.5*E + 0.5*F; E = gate*(0.25*shape + 0.40*style + 0.20*size + 0.10*color + 0.05*pos_y); F = 0 if pos_y < 0.5 else gate*(0.25*shape + 0.20*size + 0.15*color + 0.40*pos_y); pos_y = max(0, 1 - 10*|dy|) with dy normalized by cell height (E) or frame height (F)",E_outline_style: decision; F_position: decision; shape: rendering; size_color: rendering; E_position: rendering; foreground_preservation: preservation; background_preservation: preservation,1,0.0,fg_pres = 0 -> gate 0 multiplies the whole score (shape = 0 also zeroes E and F) -> 0.,"final_center: [x, y] center of the final bottom-row shape F (point_tol 25 px vs sgt.objects[5].center)",partial,"Text checks only F's final position (the move); the scorer also grades E's outline style (step 1), which the spec does not grade.","Docstring describes an additive 60/25/15 split; the code (_shape_transform_score) multiplies that sum by min(1, completion/0.5) * min(1, foreground_preservation/0.5), so a failed preservation zeroes the task. Reads the generated first frame only as the preservation reference. F's outline style is not scored, and only the vertical coordinate enters position (x is fixed by the column)."
O-14_shape_scale_then_outline_data-generator,O-14,In_Domain_50_part3.ShapeScaleThenOutlineEvaluator,"score = (0.60*completion + 0.25*fg_pres + 0.15*bg_pres) * min(1, completion/0.5) * min(1, fg_pres/0.5); completion = 0.5*E + 0.5*F; E = gate*(0.25*shape + 0.40*size_s + 0.20*color + 0.15*pos) * size_ratio; F = gate*(0.25*shape + 0.40*style + 0.20*size + 0.10*color + 0.05*pos); gate = min(1, shape/0.6); size_s = size_ratio if >= 0.75 else 0",E_size: decision; F_outline_style: decision; F_size: decision; shape: rendering; color_position: rendering; foreground_preservation: preservation; background_preservation: preservation,1,0.0,fg_pres = 0 -> gate 0 multiplies the whole score (shape = 0 also zeroes E and F) -> 0.,"final_shape: {size_ratio: number, style_change: filled/outline/thicker_outline/thinner_outline} for the bottom-right shape (custom: |size_ratio - to/from factor| <= 0.1 and style change matches)",partial,"Both check the scale and the style change, but the spec's relative style answer ('outline', 'thinner_outline') does not fix the target stroke width, while the scorer's absolute thin/thick/filled bin does.","Docstring describes an additive 60/25/15 split; the code (_shape_transform_score) multiplies that sum by min(1, completion/0.5) * min(1, foreground_preservation/0.5), so a failed preservation zeroes the task. Reads the generated first frame only as the preservation reference. The style bins put 4 px 'outline' and 6 px 'thick_outline' both in thick (estimated stroke >= 2.2 px), so a thicker/thinner change between them is invisible to the scorer. Example: sample 00000 is filled -> 'outline' in the spec; any outline thickness passes the text, but the scorer needs GT's bin (2 px = thin, 4-6 px = thick). A 'thinner' change from 6 px can target 4 px or 2 px, which the scorer bins differently."
O-15_ball_bounces_given_time_data-generator,O-15,In_Domain_50_part3.BallBounceEvaluator,"total = 0.40*max(physics, coverage) + 0.60*coverage*length_penalty*ball_mult, then -0.10 if fg_sim < 0.7, clamp [0,1]; coverage = clip(1 - (mean arc-resampled chord distance / D0)^1.25), D0 = max(240 px, 0.55*GT path bbox diagonal); length_penalty = 1 if gen path length <= GT else max(0, 1 - extra/L_gt); physics = 0.5*linearity + 0.5*reflection*(1 - 0.1*bad_bounces)",trajectory_coverage: decision; length_penalty: decision; physics: process; ball_count: preservation; foreground_similarity: preservation,1,0.3,"coverage = 1, length = 1; ball_mult = 0 -> 0.6 term = 0; 0.40*max(0, 1) = 0.40; fg_sim < 0.7 -> 0.40 - 0.10 = 0.30.","final_position: [x, y] ball center where it stops after the last bounce (point_tol 40 px vs sgt.objects[0].final_center)",partial,"Text checks only the endpoint; the scorer never checks the endpoint alone, it checks the whole bounce path.","Reads every generated frame (tracking, ball count, fg similarity). The endpoint enters only through whole-path coverage, which also depends on speed (the generated track is cropped to GT's detection count) and on tracking jitter (length penalty). Docstring says physics is 40% and fg similarity samples 1 frame in 10; the code uses max(physics, coverage) and every frame. smoothness_penalty is computed but unused. If coverage is counted as process instead of decision, the ceiling is 0."
O-16_color_addition_data-generator,O-16,In_Domain_50_part3.ColorAdditionEvaluator,"score = 0.60*mixing + 0.20*circle_removal + 0.20*background_clean; mixing = color_s * size_s * uniformity_s * position_s for the last-frame object (the only one, else the one nearest the GT merge center) vs the GT merged ball",mixed_color: decision; merged_size: rendering; uniformity: rendering; merged_position: rendering; circle_removal: rendering; background_clean: preservation,1,0.0,mixing = 1*0*0*0 = 0; circle_removal = 0; background_clean = 0 -> 0.60*0 + 0.20*0 + 0.20*0 = 0.,"merged_rgb: [R, G, B] of the single merged ball (rgb_tol 40 vs sgt.color_mixing_model.final_single_disk_rgb)",yes,Both check the merged color; scorer full credit needs Euclidean distance < 20.,"Reads the generated first frame only for background_clean. Docstring's 'object preservation: gen_first vs gen_last' is actually the circle-removal check against the GT background color. If merged size, uniformity and position are perfect and only removal and background fail, the max is 0.60. The merged-ball size/uniformity/position multiply the color score, so a correct color drawn off-size or off-center loses most credit."
O-18_glass_refraction_data-generator,O-18,In_Domain_50_part3.GlassRefractionEvaluator,"score = red_line * (0.6 + 0.4*(0.3*fg + 0.7*bg)); red_line = 0 if GT line missing or < 50 new colored px, 0.2 if no Hough segment fits, else angle_s * len_s * (0.5 + 0.5*width_penalty); line mask = pixels changed vs the generated first frame and saturated (S >= 100, V >= 80), inside the ROI below the interface and right of the hit point",ray_angle: decision; ray_length: rendering; ray_width: rendering; fg_preservation: preservation; bg_preservation: preservation,1,0.0,ray_length = 0 -> red_line = 1 * 0 * (0.5 + 0.5*0.5) = 0 -> 0 * (0.6 + 0.4*0) = 0.,"refraction_angle_deg: angle of the refracted ray from the vertical normal, degrees (num_tol 1.0 deg vs sgt.physics.theta_refracted_degrees_expected)",yes,"Both check the refracted ray's direction; the scorer gives full credit within 10 deg, the text within 1 deg.","Shares _RayLineEvaluatorBase with O-19. Reads the generated first frame as the reference for detecting the new line. The 'red' line mask accepts any saturated hue, not only red. ROI comes from metadata parameters (interface_y_px, hit_x_px; frame center if missing). If ray length counts as decision (a full-length ray): 1*1*0.75*(0.6 + 0) = 0.45; with correct width 0.6. A detectable Hough line (>= 20 px) keeps len_s slightly above 0, so the formal 0 is approached, not reached."
O-19_mirror_reflection_data-generator,O-19,In_Domain_50_part3.MirrorReflectionEvaluator,"score = red_line * (0.6 + 0.4*(0.3*fg + 0.7*bg)); red_line = 0 if GT line missing or < 50 new colored px, 0.2 if no Hough segment fits, else angle_s * len_s * (0.5 + 0.5*width_penalty); line mask = pixels changed vs the generated first frame and saturated (S >= 100, V >= 80), inside the ROI above the mirror and right of the hit point",ray_angle: decision; ray_length: rendering; ray_width: rendering; fg_preservation: preservation; bg_preservation: preservation,1,0.0,ray_length = 0 -> red_line = 1 * 0 * (0.5 + 0.5*0.5) = 0 -> 0 * (0.6 + 0.4*0) = 0.,"exit_point: [x, y] where the reflected ray meets the image border (point_tol 40 px vs sgt.objects[1].end)",yes,"The exit point fixes the reflected ray's direction, which the scorer's angle checks (full credit within 10 deg).","Shares _RayLineEvaluatorBase with O-18. Reads the generated first frame as the reference for detecting the new line. The 'red' line mask accepts any saturated hue. ROI comes from metadata parameters (mirror_y_px, hit_x_px; frame center if missing). If ray length counts as decision (full ray to the border, which the exit point implies): 1*1*0.75*(0.6 + 0) = 0.45; with correct width 0.6. A detectable Hough line (>= 20 px) keeps len_s slightly above 0, so the formal 0 is approached, not reached."
O-21_construction_blueprint_data-generator,O-21,In_Domain_50_part4.ConstructionBlueprintEvaluator,"score = max(0, 0.70*shape_matching + 0.20*correct_option_green + 0.10*row_score + deduction); shape_matching in {0,1}; row_score = other_options_red (or correct_option_green if the answer is the leftmost option); deduction = 0 or -(5 + 10*(regions - 1))/100 over <= 4 damaged option tiles + <= 1 pattern-core region",gap_fill: decision; no_extra_blocks: preservation; correct_option_green: decision; row_score: rendering; deduction: preservation,1,0.0,"no_extra_blocks fails -> shape_matching = 0; 0.70*0 + 0.20*1 + 0.10*0 - 0.45 (5 regions) < 0 -> max(0, .) = 0.",candidate: integer label 1-4 of the candidate box that fills the dashed gap (int_exact vs sgt.correct_candidate_index + 1),yes,Both check which candidate piece fits the gap; the scorer reads it from the filled gap and the green highlight.,"Reads only the generated last frame. If no_extra_blocks passes and only row styling and deduction fail: 0.70 + 0.20 + 0 - 0.45 = 0.45; with no deduction 0.90. The GT answer is the rightmost option in all 5 spec samples, so row_score grades the marking of three wrong options. Gap fill and green F1 are pixel comparisons with GT final, so piece color/placement and highlight shape are graded together with the choice."
O-22_construction_stack_data-generator,O-22,Out_of_Domain_50_part4.ConstructionStackEvaluator,"clamp01(main*(0.4 + 0.6*mv) - 0.05*[min over frames of target-display match < 0.88] - 0.10*[mean masked bg SSIM < 0.72]); main = step(block_ratio*count_ratio: >= 0.999 -> 1, >= 0.7 -> 0.6, >= 0.5 -> 0.3, > 0 -> 0.1, else 0) of generated-final LEFT grounded stacks vs GT-final RIGHT (target) stacks, colours as 7 hue bins; mv = coverage*validity of persistent (>= 3 frames), complete (all blocks grounded) left-side states vs the metadata solution's state sequence",main_score: decision; mv_ratio (process_score): decision; target display (-0.05): preservation; background (-0.10): preservation,1,0.85,main 1 * (0.4 + 0.6*mv 1) = 1.0; minus 0.05 (target-display check fails) and 0.10 (background SSIM fails) = 0.85,"moves: list of [from_stack, to_stack] on the left area, stacks 0-2 left to right, fewest moves (stack_moves)",yes,"Both check the move plan: the text replays the moves (legal, reaches target, optimal count); the scorer checks the final state and the order of completed states.","mv carries the same content as the text answer (the move sequence) but is read from intermediate frames: each completed state must persist >= 3 frames with every block grounded. Counted as process instead, the ceiling is 1*0.4 - 0.15 = 0.25. The scorer follows only the metadata's own solution; the text accepts any optimal sequence, so a different optimal plan loses mv credit. The runner passes metadata.json, so this state path is used when initial_state/solution/block_palette_rgb exist; otherwise a legacy valid/detected lift-place ratio is used. The background term pairs frames by index, so motion timing that differs from GT lowers it. Docstring matches the code."
O-23_domino_chain_branch_path_prediction_data-generator,O-23,In_Domain_50_part4.DominoChainBranchEvaluator,"score = 0.5*final + 0.5*process; final = complete * (0.5 + 0.5*bg); complete = mean(fall) * (0.6 + 0.4*mean(stand)) (plain mean if a group is empty); per-domino = state_s * pos_s * angle_s; process = 1 if nothing should fall, else order * (0.2 + 0.4*complete + 0.4*gap_acc) * (0.2 + 0.8*motion) [(0.2 + 0.8*complete) if no domino should stand]",domino_state: decision; gap_acc: decision; domino_position: preservation; fall_angle: rendering; background: preservation; fall_order: process; motion_evidence: process,1,0.0,pos_s = 0 -> complete = 0 -> final = 0; order = 0 -> process = 0 -> 0.5*0 + 0.5*0 = 0.,standing: labels of every domino still standing at the end ([] if all fall) (set_exact vs sgt.standing_ids),yes,"The standing set fixes which dominos fall, the same per-domino split the scorer checks.","Reads ~20 sampled generated frames for the timeline. pos_s cannot really reach 0 once a state is detected, because the template search window bounds the offset; with pos_s = 1, angle floor 0.5, bg 0, order 0: 0.5 * (0.5*1.0*(0.5 + 0)) = 0.125. Order needs >= 2 confirmed-fallen dominos per chain with an observed standing -> fallen transition, and same-frame falls count as violations, so an all-at-once collapse scores order 0 and zeroes the process half. Fallen dominos must tip right."
O-24_domino_chain_gap_analysis_data-generator,O-24,In_Domain_50_part4.DominoChainGapEvaluator,"score = 0.5*final + 0.5*process; final = complete * (0.5 + 0.5*bg); complete = mean(fall) * (0.6 + 0.4*mean(stand)) (plain mean if a group is empty); per-domino = state_s * pos_s * angle_s; process = 1 if nothing should fall, else order * (0.2 + 0.4*complete + 0.4*gap_acc) * (0.2 + 0.8*motion) [(0.2 + 0.8*complete) if no domino should stand]",domino_state: decision; gap_acc: decision; domino_position: preservation; fall_angle: rendering; background: preservation; fall_order: process; motion_evidence: process,1,0.0,pos_s = 0 -> complete = 0 -> final = 0; order = 0 -> process = 0 -> 0.5*0 + 0.5*0 = 0.,last_fallen: number printed on the last domino that falls (int_exact vs sgt.answer),yes,"The last fallen number fixes which dominos fall and which stand, the split the scorer checks.","Subclass of DominoChainBranchEvaluator (final state shared; ground-line removal, fallen detection, order and process overridden). Reads ~20 sampled generated frames. pos_s cannot really reach 0 once a state is detected; with pos_s = 1, angle floor 0.5, bg 0, order 0: 0.125. Order needs >= 2 fallen dominos with an observed standing -> fallen transition in the sampled frames; dominos already fallen from the first sample give no fall frame."
O-25_LEGO_construction_assembly_data-generator,O-25,In_Domain_50_part4.LEGOConstructionEvaluator,"score = 0.80*assembly * min(1, consistency/0.5) + 0.20*consistency; consistency = (structure + background)/2; each term is a changed-pixel-ratio score of generated last vs GT last",assembly: decision; structure: preservation; background: preservation,1,0.0,"consistency = 0 -> gate min(1, 0/0.5) = 0 -> 0.80*1*0 + 0.20*0 = 0.","brick_center: [x, y] center of the new brick's bounding box after it snaps in (point_tol 40 px vs sgt.objects[new].center_2d)",yes,Both check where the new brick ends up; the scorer does it by pixel match in the GT change region.,"Docstring says 60/20/20 and comments say gen_first vs gen_last; the code uses 0.80/0.20 with a consistency gate and compares everything against GT last. gen_first is resized but never used, so only the generated last frame is read. Assembly is a pixel match, so brick color/shape and removal of the instruction ghost are graded together with placement."
O-27_move_2_object_to_2_target_data-generator,O-27,Out_of_Domain_50_part4.MoveObjectsToTargetEvaluator,"movement*(0.8 + 0.2*sync); movement = mean over objects of translation*visibility*0.25^min(teleports, 6)*duration; translation = (0.5 + 0.5*path)*(0.25 + 0.75*endpoint); path = source_anchor*progress*forward*lateral; endpoint = 1 if final dist <= 5 px else max(0, 1 - (d - 5)/120); duration gate applies only when endpoint >= 0.8 and progress >= 0.9. v2 path: objects tracked by metadata RGB, start/target from metadata",endpoint: decision; source_anchor: process; progress: process; forward: process; lateral: process; visibility: preservation; teleport_penalty: process; motion_duration: process; synchronization: process,1,0.0,visibility 0 -> each object score = translation*0*... = 0 -> movement 0 -> 0*(0.8 + 0.2*0) = 0,"moves: one {from [x,y], to [x,y]} per object; object k must go to target k (to_tol 40 px)",yes,"Both check which target each object ends on; the scorer's endpoint is continuous (full within 5 px), the text uses a 40 px tolerance.","A correct final frame reached by a one-frame jump scores 0: progress is then >= 0.9, so the duration gate applies with duration 0. With visibility 1 and endpoint 1 but zero process, translation = 0.5 and the teleport factor is 0.25^6, so the score is still about 0. The lateral term also penalises any curved route. The docstring says mean(per_ball) x synchronization; the code uses movement*(0.8 + 0.2*sync). The legacy pink/blue HSV path runs only when no metadata is found."
O-29_ballcolor_data-generator,O-29,In_Domain_50_part4.BallColorEvaluator,total = (0.6*final + 0.4*merge) * (0.2 + 0.8*merge); final = (0.5*survivor_count + 0.5*cluster) * (0.6 + 0.4*(0.5*others_gone + 0.5*clean)) * (0.8 + 0.2*label_text); merge = 0.7*mean over GT merges of (0.2*order + 0.3*arrival + 0.3*count + 0.2*still; 0 if that color never disappears) + 0.3*survivor_stability,merge_order: decision; arrival: process; count_after_merge: process; others_still: preservation; survivor_stability: process; survivor_count_final: preservation; cluster: rendering; others_gone: rendering; clean: preservation; label_text: rendering,1,0.0175,"order = 1, other merge checks 0 -> merge = 0.7*0.2 + 0.3*0 = 0.14; final = 0 -> (0.6*0 + 0.4*0.14) * (0.2 + 0.8*0.14) = 0.056 * 0.312 = 0.0175.","absorb_order: cluster letters in the order red cluster A absorbs them, each once (custom: any order valid under the strict size rule (simulated))",yes,"Both check the absorption order; the scorer compares to the single GT order (equal-size swaps allowed), the text accepts any valid order.","Reads every generated frame (pixel-ratio curves, occlusion, merge checks). The final state is the same for every valid order, so all final-state checks are non-decision for this spec. Class docstring says 60/40; _combine_final_and_process adds the process gate (0.2 + 0.8*merge), so with merge = 0 a perfect final frame scores 0.6*0.2 = 0.12. label_text is effectively 1 when easyocr is missing or finds no GT labels. count_after_merge also changes with a wrong order."
O-2_pigment_color_mixing_subtractive_data-generator,O-2,Out_of_Domain_50_part3.PigmentColorMixingEvaluator,"score = 0.6*mix*min(1, obj/0.4) + 0.2*obj + 0.2*bg; mix = color*fill*uni over the GT changed region (the box); color = 1 below RGB distance 30 between mean colours, 0.7 at 60, 0.3 at 100, 0 at 150 (linear between); fill = share of box pixels > 30 from the background colour; uni = 1 below std 15, 0.7 at 30, 0.3 at 50, 0 at 100; obj and bg = piecewise-linear scores of the pixel-change share between generated first and last frame on the circles (2/5/10/20%) and on the background (0.5/2/5/10%)",mixed_color: decision; fill_coverage: rendering; fill_uniformity: rendering; object_preservation: preservation; background_clean: preservation,1,0.0,"color 1 but uni 0 gives mix 0, and obj 0 gives gate 0: 0.6*0*0 + 0.2*0 + 0.2*0 = 0 (still 0 with fill = uni = 1, because of the obj gate)","rgb: [r, g, b] of the mixed colour that fills the mixing zone; rgb_tol 3 vs sgt.mixed_color",yes,Both check the mixed colour; the scorer is looser (full credit within RGB distance 30).,"uses_intermediate_frames is true only because video_frames[0] is the preservation reference; no in-between frames are read. Docstring says additive 60/20/20; code adds the obj/0.4 gate and multiplies fill and uniformity into the colour term. Preservation terms are additive, so a video that changes nothing scores 0.4 (fill 0, obj = bg = 1); two g5 samples score exactly 0.4. The right colour in a filled uniform box with preserved circles but a dirty background scores 0.8."
O-30_bookshelf_data-generator,O-30,In_Domain_50_part4.BookshelfEvaluator,score = (0.625*final_placement + 0.375*sequential) * (0.6 + 0.4*consistency); final_placement = left * right; sequential = completion * one_at_a_time * height_order; consistency = (original + background)/2,gap_contents: decision; waiting_area_cleared: rendering; completion: rendering; one_at_a_time: process; height_order: process; original_preservation: preservation; background: preservation,1,0.0,right = 0 -> final_placement = 1*0 = 0; sequential = 0 -> (0.625*0 + 0.375*0) * 0.6 = 0.,"gaps: one gap number per waiting book, left to right (custom: permutation, each book's height within 1.0 unit of its gap's reference book)",yes,Both check which book goes into which gap; the scorer does it by pixel match of the gaps with GT final.,"Reads every generated frame (sequential) and the generated first frame (original books). Docstring lists 40/30/20/10; the code is (0.625, 0.375) * (0.6 + 0.4*consistency). If the cleared waiting area counts as decision: 0.625*1*0.6 = 0.375. A gap counts as inserted only once it stays filled for the 2 frames before and after (relaxed in the last 2 frames); a video that fills all gaps in the same frame produces one multi-gap event, so one_at_a_time = 0 and the sequential term is 0."
O-31_ball_eating_data-generator,O-31,In_Domain_50_part4.BallEatingEvaluator,"score = 0.5*final + 0.5*eat; final = black * (0.5 + 0.5*(0.5*targets_gone + 0.5*clean)); eat = mean over GT eats of (0 if the prey never disappears or shares its eat frame with another prey, else 0.25*order + 0.25*arrival + 0.30*growth + 0.20*still)",eat_order: decision; arrival: process; growth: process; still: preservation; black_final_size: rendering; targets_gone: rendering; clean: preservation,1,0.125,"order = 1, arrival = growth = still = 0 -> each eat = 0.25 -> eat = 0.25; black = 0 -> final = 0 -> 0.5*0 + 0.5*0.25 = 0.125.","eat_order: [x, y] prey centers in the order the black ball eats them, each once (custom: nearest-prey mapping, order valid under the strict size rule (simulated))",yes,"Both check the eating order; the scorer compares to the single GT order (15% area swap tolerance), the text accepts any valid order.","Reads every generated frame. The final state is the same for every valid order, so final-state checks are non-decision for this spec. Prey that vanish in the same frame score 0 for that eat. Docstring says 1.4x growth; the code expects an area ratio of 1.5-2.8x per eat."
O-32_rolling_ball_data-generator,O-32,In_Domain_50_part4.RollingBallEvaluator,score = completion * (0.6 + 0.4*consistency); completion = pos * (0.2 + 0.8*path); pos = dist_s * size_ratio (0.1*size_ratio if GT ball not found); path = on_path_ratio * direction * intermediate; consistency = (scene + background)/2,final_position: decision; ball_size: rendering; on_path: process; direction: process; intermediate_positions: process; scene_preservation: preservation; background: preservation,1,0.012,"dist_s = 1, size_ratio floor 0.1 -> pos = 0.1; path = 0 -> completion = 0.1*(0.2 + 0) = 0.02; consistency 0 -> 0.02*0.6 = 0.012.","final_position: [x, y] ball center when it comes to rest (point_tol 40 px vs the ball layer of generic_declarative_render.final_frame)",yes,Both check where the ball comes to rest.,Reads every generated frame (path following). With the ball drawn at the right size: 1*0.2*0.6 = 0.12. The ball must keep GT's hue (+-15) to be detected at all. Docstring lists 40/30/20/10; the code is multiplicative. Code comment says a 10 px tolerance for direction; the code uses 1 px.
O-34_dot_to_dot_task_data-generator,O-34,In_Domain_50_part4.DotToDotEvaluator,"score = clamp(completeness * order * numeric - 0.10*[masked similarity < 0.7], 0, 1); completeness = |last-frame segments & expected| / max(N-1, #last-frame segments); order = LCS(first-appearance sequence, expected) / max(N-1, len(gen_seq), len(expected)); numeric = max(0, 1 - 0.05*#dots whose OCR number changes)",segments: decision; drawing_order: process; numeric_consistency: preservation; background_consistency: preservation,1,0.0,drawing_order = 0 -> 1*0*numeric = 0; -0.10 -> clamp 0.,"path: [x, y] dot centers in connection order, starting at dot 1 (custom: len = N and point i within 75 px of dot i)",yes,The ordered dot list fixes the consecutive segments the scorer's completeness checks; drawing order over time is extra.,"Reads up to 30 sampled generated frames plus OCR samples. A video that shows all lines at once, or draws two lines between samples, loses them from the sequence; with none left, order = 0 and the score is 0 even with a perfect final drawing. Lines must be red (H <= 12 or >= 160, S >= 90, V >= 70). numeric is effectively 1 without easyocr. Reference layout comes from metadata (connection_order + object centers) when present, else from the GT video. Docstring's order denominator is N-1; the code uses max(N-1, len(gen_seq), len(expected))."
O-36_grid_shift_data-generator,O-36,In_Domain_50_part5.GridShiftEvaluator,"score = 0.35*F + 0.65*P*(0.15 + 0.85*F); F = mean over GT final cells of max(0, 1 - manhattan/shift_len) under Hungarian matching, times n_gt/max(n_pred, n_gt); P = temporal_similarity * count_consistency * intermediate_match_ratio; 0 with <2 frames or no grid/shift spec.",final_cells: decision; temporal_similarity: process; count_consistency: process; intermediate_match_ratio: process,0,0.35,0.35*1 + 0.65*0*(0.15 + 0.85*1) = 0.35.,"blocks: list of every block cell after the move as [row, col] (set_exact vs par.shifted_positions)",yes,Both grade the set of occupied cells after the shift.,"Docstring formula (process = temporal_similarity x count_consistency) omits intermediate_match_ratio, which the code also multiplies in. Grid size and shift come from metadata.json parameters (visual fallback otherwise). Occupancy is colour-agnostic, so block colour is not checked. The extra-cell factor inside F counts as decision, unlike the extra-object penalties in G-47 or O-53: set_exact also fixes which cells are empty, so any extra occupied cell (a stray smudge included) contradicts the stated answer. GT videos score 1.0 on all 5."
O-37_light_sequence_data-generator,O-37,In_Domain_50_part5.LightSequenceEvaluator,"score = 0.8*(lit*unlit) + 0.2*bg; lit, unlit = stepwise score of the share of pixels with grey diff > 20 between the last frame and GT final inside the GT-final lit (saturation > 40) / grey ball masks (1 below 15%, 0 above 50%); bg = same score for the model's first vs last frame outside all balls (1 below 0.4%, 0 above 80%).",lit_balls: decision; unlit_balls: decision; background: preservation,1,0.8,0.8*(1*1) + 0.2*0 = 0.80.,"final_states: list of 0/1 per light, left to right (list_exact vs par.final_states)",yes,Both grade the on/off state of every light.,"Docstring lists 50/30/20; code is 0.8*(lit*unlit) + 0.2*bg. The decision terms are pixel diffs against GT final, so lit colour and ball positions must also look like GT (full credit below 15% changed pixels). Background compares the model's own first and last frames, not GT. Only the first and last frames are read. GT videos score 1.0 on all 5."
O-38_majority_color_data-generator,O-38,In_Domain_50_part5.MajorityColorEvaluator,"score = 0.8*(kept*removed) + 0.2*bg; kept, removed = stepwise pixel-diff score (grey diff > 20; 1 below 15%, 0 above 60%) of the last frame vs GT final inside the eroded GT-final shapes / the eroded region GT cleared; bg = model first vs last frame outside all shapes (1 below 1%, 0 above 10%).",kept_shapes: decision; removed_shapes: decision; background: preservation,1,0.8,0.8*(1*1) + 0.2*0 = 0.80.,"majority: {color, count} of the most frequent object colour (fields_exact vs par.majority_color_name, par.majority_count)",yes,The colour fixes which shapes are kept; the count is an extra check.,"Docstring lists 40/40/20; code is 0.8*(kept*removed) + 0.2*bg. kept also requires the kept shapes to keep position, colour and shape (pixel diff vs GT), so shape preservation is folded into this decision term. Background compares the model's own first and last frames. Only the first and last frames are read. GT videos score 1.0 on all 5."
O-39_maze_data-generator,O-39,Out_of_Domain_50_part4.MazePathfindingEvaluator,"((proximity + coverage + (1 - 0.7*penalty))/3)*(0.4 + 0.6*0.5^wall_crossings); penalty = 0.5*(share of frames with no marks) + 0.5*(share of transitions where mark count drops by > 1), set to 0 if < 0.05; maze walls/start/end detected from GT first frame",proximity: decision; coverage: decision; wall_crossings: decision; continuity: process,0,0.767,continuity worst: penalty 1 -> factor 1 - 0.7 = 0.3; (proximity 1 + coverage 1 + 0.3)/3 = 0.767; * (0.4 + 0.6*0.5^0) = 0.767,"path: list of [col,row] cells from green start to red flag, 4-connected, shortest (grid_path with wall grid)",yes,Both check that the route is a valid shortest path through open cells; the scorer reads it from drawn marks across frames.,"The class and method docstrings give a product (proximity x coverage x (1 - 0.30*penalty) x 0.5^hits); the code uses the mean of three terms, a 0.70 penalty scale and a 0.4 floor on the wall factor. Coverage is measured against the union of all shortest paths, so when the shortest path is not unique a single correct path cannot reach coverage 1. Wall hits count any saturated change inside a wall core in any frame, so stray marks or an agent sweeping through walls also count. Proximity averages over all frames, so wrong marks drawn mid-video lower it even if the final path is right. Wall-crossing is counted as decision (path validity); counted as rendering instead (it also fires on off-path marks), the ceiling is 0.767*0.4 = 0.307."
O-43_object_subtraction_data-generator,O-43,Out_of_Domain_50_part4.ObjectSubtractionEvaluator,"0.8*(kept*removed) + 0.2*bg; kept/removed = step(share of pixels differing > 20 gray from GT final: < 0.15 -> 1, 0.25 -> 0.7, 0.35 -> 0.3, >= 0.60 -> 0); bg = same step on generated first vs last with thresholds (0.01, 0.025, 0.05, 0.10)",removed: decision; kept: preservation; background_preservation: preservation,1,0.0,0.8*(kept 0 * removed 1) + 0.2*bg 0 = 0,"removed: list of [x,y] centres of every object that must be removed (point_set_nearest, 110 px)",yes,"Both check which object set is removed; the text needs the exact set, and in the scorer removing an extra object fails the kept term.","The docstring says 40/40/20 additive; the code multiplies kept x removed, so a preservation failure zeroes completion. Kept also carries part of the set decision (removing a wrong object fails it). Reads only the generated first and last frames. With kept perfect and bg 0 the score is 0.80."
O-44_rotation_puzzle_data-generator,O-44,In_Domain_50_part5.RotationPuzzleEvaluator,"score = [0.4*C + min(1, C/0.35)*(0.4*T + 0.2*B)] * (0.4 + 0.6*R); C = max(cellwise 0.8*IoU' + 0.2*colour, same after cropping to the pipe strokes, whole-frame stroke IoU) vs GT final; T = mean over all frames and cells of Hu-moment similarity to GT-first pipe templates; B = model first vs last frame on the stable background; R = min(1, distinct intermediate orientations/2); 0 with <2 frames.",completion: decision; template_preservation: preservation; background_preservation: preservation; rotation_process: process,1,0.16,(0.4*1 + 1*(0.4*0 + 0.2*0))*(0.4 + 0.6*0) = 0.4*0.4 = 0.16.,"pipes: 4 tiles [TL, TR, BL, BR], each {top, right, bottom, left} edges the pipe reaches in the solved state (list_exact vs par.objects[*].pipe_pattern)",yes,Both grade the solved orientation of each tile.,"Docstring describes a 40/40/20 sum; code ramp-gates the two preservation terms by completion and multiplies everything by (0.4 + 0.6*rotation_process), which the docstring does not mention. rotation_process is 1 if no cell differs between GT start and end. The text target is the same closed ring in all 5 inspected samples. GT videos score 0.986-0.998."
O-45_sequence_completion_data-generator,O-45,In_Domain_50_part5.SequenceCompletionEvaluator,"score = (new * seq_gate) * (0.6 + 0.4*(obj + bg)/2); new = stepwise pixel-diff score (1 below 15%, 0 above 60%) of the last frame vs GT final in the region GT changed; seq_gate = 0 if the number of foreground blobs (area >= 300 px) differs from GT final, else min over all but the rightmost blob of solidity agreement (1 within 0.10, 0 at 0.35); obj = mean per-object pixel-diff score vs GT final; bg = model first vs last frame outside the foreground (1 below 1%, 0 above 10%).",new_element: decision; seq_gate: preservation; object_preservation: preservation; background: preservation,1,0.0,"seq_gate = 0 multiplies the whole score -> 0. Alt: with the gate passed and obj, bg at 0, 1*1*(0.6 + 0.4*0) = 0.60.",same_as: 1-based position of an earlier element identical to the one that replaces '?' (custom: V[answer-1] deep-equals sgt.answer_value),yes,Both grade the identity of the missing element.,Docstring lists 60/20/20; code is multiplicative. One extra or missing blob of >=300 px in the last frame zeroes the task. The gate skips the rightmost blob (the answer slot). Background compares the model's own first and last frames. Only the first and last frames are read. GT videos score 1.0 on all 5.
O-46_shape_sorter_data-generator,O-46,Out_of_Domain_50_part4.ShapeSorterEvaluator,"0.6*L + 0.4*P*min(1, L/0.2); L = mean_i(alignment_i*area_i)*left_clear*count_penalty; P = weighted-geometric(transport 0.35, one_at_a_time 0.65), 0 if either is 0; transport = mean_i weighted-geometric(travel 0.65, coverage 0.35); 0 if no card/outline pairs are detected in the GT first frame",alignment: decision; travel: decision; area_score: preservation; left_clear: preservation; count_penalty: preservation; coverage: preservation; one_at_a_time: process,1,0.0,"final_pose = alignment 1 * area 0 = 0 -> L = 0; 0.6*0 + 0.4*P*min(1, 0/0.2) = 0","moves: one {from [x,y], to [x,y]} per card; card k must go to outline k (to_tol 45 px)",yes,Both check the card-to-outline pairing; the text spec notes that a shape-blind reading-order pairing passes 5/5.,"The docstring says final_layout x process_score; the code is 0.6/0.4 with the process part gated by min(1, L/0.2). Area is coupled to alignment in practice (a correctly placed, undistorted card has area ~1). With all preservation checks perfect and process 0 the score is 0.60. Pairs come from shape detection on the GT first frame, not from metadata."
O-47_sliding_puzzle_data-generator,O-47,In_Domain_50_part5.SlidingPuzzleEvaluator,"score = 0.6*final + 0.4*validity*count_sc; final = share of the 9 OCR'd cells in the last frame equal to [1..8, blank]; key frames = stable frames with exactly one blank cell (one per run); validity = share of key-frame transitions that are one adjacent blank move with <=3 changed cells and a consistent tile; count_sc = 1/0.7/0.3/0 for |moves - GT moves| = 0/1/2/>=3; 0 if no key frame is found.",final_state: decision; move_sequence: decision,0,1.0,"0.6*1 + 0.4*(1*1) = 1.00. Alt: if the move-sequence term is counted as process, 0.6*1 + 0.4*0 = 0.60.","moves: ordered blank moves (up/down/left/right), exactly the prompt's move count (sliding_moves replay from par.initial_state to the goal)",yes,Both grade a legal move sequence of the stated length that reaches the goal.,"The evaluator names the move-sequence term 'process'; it is counted as decision here because the text answer is the move list and the text comparator checks the same legality, length and goal. It still needs each move shown as its own stable frame and readable digits (EasyOCR). The expected move count comes from the GT video's key frames, not metadata. GT videos score 1.0 on all 5."
O-49_symmetry_completion_data-generator,O-49,Out_of_Domain_50_part4.SymmetryCompletionEvaluator,"total = (new*blank)*(0.6 + 0.4*(existing + bg)/2), then min(total, 0.15) if bg < 0.2; each term is a step score of the share of pixels differing > 20 gray from GT final: new/blank/existing thresholds (0.1, 0.2, 0.3, 0.5) -> (1, 0.7, 0.3, 0), bg thresholds (0.015, 0.025, 0.05, 0.10)",new cells: decision; blank cells: decision; existing cells: preservation; outer background: preservation,1,0.15,"new 1 * blank 1 = 1; * (0.6 + 0.4*(0 + 0)/2) = 0.6; bg 0 < 0.2 -> min(0.6, 0.15) = 0.15",grid: the completed N x N pattern as rows of 0/1 (list_exact),yes,Both check which cells are filled in the completed grid (the new 1 cells and the 0 cells).,"The docstring says 60/20/20 and the code comments say 40/30/20/10; the code is a product with a 0.6 floor plus the 0.15 cap. The cap triggers when more than about 6.7% of outer-background pixels differ from GT final. gen_first is computed but not used, so only the final frame is scored. With existing and bg perfect the score is 1.0."
O-52_traffic_light_data-generator,O-52,In_Domain_50_part5.TrafficLightEvaluator,score = 0.4*final + 0.6*process; final = (0.5*colour + 0.5*countdown)*(0.4 + 0.6*bg_last); process = (0.4*ticks + 0.3*colour_changes + 0.3*sync)*(0.4 + 0.6*bg_all_frames); process = 0 with <5 frames; 0 if no light is found in GT first frame.,final_colours: decision; final_countdowns: decision; final_background: preservation; countdown_ticks: process; colour_changes: process; sync: process; process_background: preservation,1,0.16,final = (0.5*1 + 0.5*1)*(0.4 + 0.6*0) = 0.4; score = 0.4*0.4 + 0.6*0 = 0.16.,"final: {states: [N, S, E, W] colour or null, countdowns: [N, S, E, W] seconds} (fields_exact vs sgt.objects[*].final_state / final_countdown)",yes,Both grade each light's final colour and countdown.,"Docstring says final 60% / process 40%; code weights are final 0.40 / process 0.60. Lights are found in the GT first frame; each light is one circle that changes colour with a countdown box below (checked on a local sample image), so first-frame positions stay valid. Countdowns are read with EasyOCR; if neither GT nor output is readable it counts as a match. GT videos score 1.0 on all 5."
O-53_clock_data-generator,O-53,In_Domain_50_part5.ClockTimeEvaluator,score = 0.4*completion + 0.4*process + 0.2*preservation; completion = 0.7*hour_angle/n_hour + 0.3*minute_angle/n_minute (angle credit linear to 0 at 30 / 60 degrees; n = hand-coloured contours of hand length in the last frame); process = 0.7*h_det*h_single*h_clockwise*h_rotation + 0.3*m_det*m_single*m_clockwise over <=60 sampled frames; preservation = 0.7*dial_ring + 0.3*outer_background (GT first vs last frame); 0 with <2 frames or missing metadata.,hour_angle: decision; minute_angle: decision; duplicate_hands: preservation; process_validity: process; element_preservation: preservation,1,0.0,"The duplicate-hand factor 1/n goes to 0 as extra hands are added, so completion and the score go to 0. Alt: with one hand per colour, 0.4*(0.7*1 + 0.3*1) + 0.4*0 + 0.2*0 = 0.40 (0.20 with one duplicate of each hand).",time: 'H:MM' shown after the given hours pass (str_exact vs sgt.final_time),yes,Both grade the final time; the scorer reads it from the hand angles.,"Reads metadata.json for the dial centre, radius, hand colours/lengths and hours_to_add; missing metadata raises and scores 0. The comment 'full score within 30 degrees' for the hour rotation does not match the code (linear 1 - err/90). The dial ring used for preservation also contains parts of the hands. Counted as decision (a second hand as a second stated time), the duplicate-hand factor would give a ceiling of 0.40. GT videos score 0.988-0.992."
O-54_control_panel_data-generator,O-54,Out_of_Domain_50_part5.ControlPanelEvaluator,"(0.4*C + 0.6*P)*(0.6 + 0.4*bg); C = 0.5*light_color + 0.5*lever_IoU (generated final vs GT final, mean over units); P = 0.3*light_color_process + 0.3*lever_path_IoU + 0.4*light_with_lever (all frames); needs metadata (num_lights, position_color_mapping, objects) and GT video, else exception -> 0",light_color: decision; lever_position: decision; light_color_process: process; lever_position_process: process; light_with_lever: process; background_preservation: preservation,1,0.24,C = 0.5*1 + 0.5*1 = 1; (0.4*1 + 0.6*P 0)*(0.6 + 0.4*bg 0) = 0.24,"levers: {target_position left/middle/right, levers_to_move: set of 0-based unit indices} (fields_exact)",yes,"Target position plus the set of levers to move fix every final lever position and light colour, which is what completion checks.","The docstring and the stored score_formula string say 0.5/0.5; the TASK_WEIGHTS used are 0.4/0.6, so 60% of the weight is process over all frames. Lever IoU needs the lever box drawn at GT's exact place and size, not only in the right slot. Missing metadata or an empty GT video raises, and the base evaluator returns 0."
O-56_raven_data-generator,O-56,Out_of_Domain_50_part5.RavenMatrixEvaluator,"0.6*C + 0.4*Pres; C = f1 if f1 > 0.8 else max(0, (f1 - 0.3)/0.5)*0.8, f1 = max(edge-F1 raw, edge-F1 after crop-to-strokes and resize) of the bottom-right cell, generated final vs GT final; Pres = mean edge-F1 of the other 8 cells, generated final vs generated first",completion: decision; preservation: preservation,1,0.6,0.6*completion 1 + 0.4*preservation 0 = 0.60,"same_as: [row, col] of a visible cell whose content equals the missing cell (equivalent_cell)",partial,"Same content in principle, but the text points to an identical visible cell (the answer form reveals copying; a constant guess passes 4/5 samples) instead of producing it, and the scorer ignores colour, which the text's equality includes.","Docstring matches the code. Strokes are gray < 200, so colour is not compared and very light fills may be invisible. The canonicalised F1 (crop to strokes, resize) drops position and scale inside the cell. Reads only the generated first and last frames."
O-58_symbol_delete_data-generator,O-58,Out_of_Domain_50_part5.SymbolDeleteEvaluator,"0.85*fg + 0.15*bg vs GT final; fg = 1 if m < 0.02 else exp(-40*(m - 0.02)), m = mean|diff|/255 over the row band holding content in GT first or final (+-5 px); bg = 1 if m < 0.02 else max(0, 1 - 1.5*m) over the other rows",fg content band: decision; bg: preservation,1,0.85,0.85*fg 1 + 0.15*bg 0 = 0.85,"final_order: original 0-based slot index of each symbol, left to right, after the deletion (list_exact)",yes,Both check the final arrangement after deleting the prompt-named symbol and shifting the rest.,"The docstring says 70/30; the code uses 85/15. The fg term is one pixel match that also covers symbol appearance, box outlines and number labels, so the 0.85 assumes a pixel-exact render: mean abs diff 0.05 gives fg 0.30, and 0.10 gives 0.04. Final frame only, with no alignment step. The outcome is prompt-specified."
O-59_symbol_insert_data-generator,O-59,Out_of_Domain_50_part5.SymbolInsertEvaluator,"0.85*seq + 0.05*template + 0.10*bg vs GT final; seq: err = (bg_mean + 4*fg_mean)/5 over the sequence row band (fg/bg split by GT white pixels), 1 if err < 0.025 else exp(-40*(err - 0.025)); template (top-right reference bbox) and bg: 1 if m < 0.015 else max(0, 1 - 1.5*m)",seq band: decision; template: preservation; bg: preservation,1,0.85,0.85*seq 1 + 0.05*template 0 + 0.10*bg 0 = 0.85,"final_order: per final slot, the original 0-based index of the symbol there, or null for the inserted one (list_exact)",yes,Both check the final slot arrangement after the prompt-specified insertion; the text does not check how the inserted symbol is drawn.,"The docstring says 70/10/20 with a strict template check; the code uses 85/5/10 and a loose template check. The seq term weights foreground pixels 4x and needs a near-pixel-exact render of every symbol, box and number. Final frame only. The outcome is prompt-specified."
O-5_symbol_deletion_data-generator,O-5,Out_of_Domain_50_part4.SymbolDeletionEvaluator,"0.6*delete + 0.2*keep + 0.2*bg, after aligning the final frame to GT final (scale 0.8-1.2 plus phase-correlation shift); each = 1 if mean|diff|/255 < 0.02 else max(0, 1 - k*mean|diff|/255), k = 10 for delete/keep, 5 for bg; 0 if no red box is found in GT final",delete: decision; keep: preservation; bg: preservation,1,0.6,0.6*delete 1 + 0.2*keep 0 + 0.2*bg 0 = 0.60,index: 0-based slot of the symbol inside the red border (int_exact),yes,"Both hinge on which slot is inside the red box: the text asks for its index, the scorer checks that the box region is emptied.",Docstring matches the code. Final frame only. The keep mask covers whole rows of the content band (symbols and the white gaps) except the red box. It returns 0 early if the GT final frame has no detectable red box (not checked against data). A mean abs diff of 10% or more in the box gives delete 0.
O-60_symbol_substitute_data-generator,O-60,Out_of_Domain_50_part5.SymbolSubstituteEvaluator,"0.85*seq + 0.05*template + 0.10*bg vs GT final; seq: err = (bg_mean + 4*fg_mean)/5 over the sequence row band, 1 if err < 0.032 else exp(-45*(err - 0.032)); template and bg: 1 if m < 0.018 else max(0, 1 - 1.5*m)",seq band: decision; template: preservation; bg: preservation,1,0.85,0.85*seq 1 + 0.05*template 0 + 0.10*bg 0 = 0.85,position: 1-based slot label of the symbol that gets replaced (int_exact),yes,"Both check which slot is replaced; the prompt states this slot, and the scorer also needs the named replacement symbol drawn there.","The docstring says 70/10/20 with a strict template check; the code uses 85/5/10 with a loose template check (code comment: keep-dim floor lowered). Final frame only. The part5 export dict misspells this task name, but the registry in __init__.py maps it correctly."
O-61_symbol_edit_data-generator,O-61,Out_of_Domain_50_part5.SymbolEditConstraintEvaluator,"0.7*seq + 0.1*template + 0.2*bg vs GT final; seq = 1 if m < 0.02 else exp(-40*(m - 0.02)), m = plain mean|diff|/255 over the sequence row band; template and bg: 1 if m < 0.02 else max(0, 1 - 1.5*m)",seq band: decision; template: preservation; bg: preservation,1,0.7,0.7*seq 1 + 0.1*template 0 + 0.2*bg 0 = 0.70,"final_order: per final slot, the original 0-based index, or null for inserted copies (list_exact)",yes,Both check the final slot arrangement after the prompt-specified edit.,"The weights match the docstring, but the docstring calls the template check strict while the code uses the loose one. Final frame only; the seq term needs a pixel-exact render (mean abs diff 0.05 gives 0.30)."
O-62_gravity_physics_data-generator,O-62,Out_of_Domain_50_part5.GravityPhysicsEvaluator,(0.65*seq*height + 0.35*final_pos)*(0.5 + 0.5*bg)*(0.4 + 0.6*lateral); 0 if GT video has < 5 frames or no ball is found in GT,seq (event sequence): decision; height (peak heights): decision; final_position: decision; background: preservation; lateral drift: process,1,0.2,(0.65*1*1 + 0.35*1) = 1; * (0.5 + 0.5*bg 0) * (0.4 + 0.6*lateral 0) = 0.20,height_m: ball height above the ground in metres at t = 3.0 s (num_tol 0.3),partial,"The text samples one point of the same bounce physics (inside the first rebound); the scorer checks the whole event sequence, every peak height and the final position.","seq and height are read from the whole trajectory; they count as decision here because they encode the bounce physics. Counted as process instead, the ceiling is 0.35*0.5*0.4 = 0.07. The event count and final position depend on the clip covering the same physical time as GT. The docstring omits the lateral-drift multiplier."
O-64_animal_matching_data-generator,O-64,Out_of_Domain_50_part5.AnimalMatchingEvaluator,"placement*(0.4 + 0.6*count)*(0.4 + 0.6*left_clear)*(0.4 + 0.6*process); placement = best-assignment mean over targets of center*area*shape*appearance (1.0 if >= 0.95 and centre <= 4 px), predicted right-half components vs GT-final placed animals; 0 if sources/targets are not detected",center: decision; area: preservation; shape: preservation; appearance: preservation; count_penalty: preservation; left_clear: preservation; process: process,1,0.0,pair score = centre 1 * area 0 * shape * appearance = 0 -> placement 0 -> 0,"moves: one {from [x,y], to [x,y]} per animal face; face k must go to outline k (to_tol 60 px)",yes,"Both check which face ends on which outline; the scorer reads identity from appearance, size and contour at each target.","area, shape and appearance compare against the GT animal placed at that target, so they also serve as the identity check for the pairing (a swap fails them). Counted as decision, the ceiling is 1*0.4*0.4*0.4 = 0.064. With all preservation perfect and process 0 the score is 0.40. The docstring does not mention the process multiplier."
O-65_animal_size_sorting_data-generator,O-65,Out_of_Domain_50_part5.AnimalSizeSortingEvaluator,"arrangement*(0.6 + 0.4*(0.25*fore + 0.75*back))*count_penalty; arrangement = order*(0.5 + 0.5*(0.5*line + 0.5*horiz)), 0 if < 2 animals matched; animals matched by fixed-scale template match of GT-final crops (L1 similarity >= 0.8)",order: decision; baseline line: rendering; horizontal alignment: rendering; fore_consistency: preservation; back_consistency: preservation; count_penalty: preservation,1,0.0,arrangement = order 1 * (0.5 + 0.5*0) = 0.5; * (0.6 + 0.4*0) = 0.3; * count_penalty 0 = 0,"order: the animals' current [x,y] centres in the left-to-right order after sorting (ordered_points, 100 px)",yes,Both check the size order along the baseline; the scorer reads it only from animals it can template-match.,The docstring says 60/10/30 additive; the code multiplies. An animal counts in the order check only if it is drawn at GT scale and colour (template match >= 0.8); fewer than 2 matched gives 0. Sort direction comes from GT final areas. With count_penalty 1 and the other non-decision terms 0 the score is 0.30.
O-6_2d_geometric_transformation_data-generator,O-6,Out_of_Domain_50_part4.GeometricTransformationEvaluator,"final_pose*(0.4 + 0.6*orbital); final_pose = (min(1, IoU/0.8) + min(1, area_ratio/0.85) + center_score)/3, center_score = 1 if <= 2 px else max(0, 1 - (d - 2)/70); orbital = radius_match*radius_stability*path_score*motion_coverage*step_continuity; 0 if a GT or predicted final shape is not detected",final IoU: decision; final centre: decision; area ratio: preservation; radius match / stability: process; path_score: process; motion coverage / step continuity: process,1,0.267,final_pose = (IoU 1 + area 0 + centre 1)/3 = 0.667; * (0.4 + 0.6*orbital 0) = 0.267,angle_deg: signed rotation about the marked centre in the prompt's direction (num_tol 8),yes,"The final pose (IoU plus centroid, since the pivot is off-centre) fixes the angle mod 360, which the text asks for directly.","The docstring says final_pose x orbital_motion; the code uses final_pose*(0.4 + 0.6*orbital). Area is coupled to IoU (area_ratio >= IoU), so IoU >= 0.8 forces area_score >= 0.94 and the practical decision-only ceiling is about 0.39-0.40. The final pose does not check rotation direction; path_score gives full credit to any path at least as long as the GT arc."
O-75_communicating_vessels_data-generator,O-75,In_Domain_50_part5.CommunicatingVesselsEvaluator,"score = (0.6*eq + 0.4*vol*vessel) * (0.6 + 0.4*flow) * (0.6 + 0.4*(vessel + bg)/2); eq = 1 if final levels span <=15 px and their mean is within 2 px of GT, clip(1 - (diff-2)/80, 0.4, 1) if flat but offset, 0.3 if the span is 15-30 px, 0 above, 0.2 if <2 levels are found; vol = step score of the max liquid-pixel deviation across all frames beyond GT's own (1 below 5%); flow = 1 if some middle frame's levels differ from both start and end (or the start is already near equilibrium), else 0; vessel, bg = model first vs last frame on tube walls / background.",final_levels: decision; volume_conservation: preservation; vessel_structure: preservation; equilibration_process: process; background: preservation,1,0.216,(0.6*1 + 0.4*0*0)*(0.6 + 0.4*0)*(0.6 + 0.4*0) = 0.6^3 = 0.216.,"final_level_cm: common liquid level of all tubes at equilibrium, in cm (num_tol 1.5 cm vs sgt.equilibrium_level_cm)",yes,Both grade the common final level; the scorer reads it in pixel rows.,"Docstring lists 40/30/20/10 additive; code is the product above. eq gives >=0.4 to any flat final level whatever its height, so the level value itself decides only 0.6 of eq. Vessel columns and liquid hue come from the GT final frame. GT videos score 1.0 on all 5."
O-85_2d_object_rotation_data-generator,O-85,Out_of_Domain_50_part5.ObjectRotation2DEvaluator,"(0.5*S + 0.5*C)*(0.6 + 0.4*bg); S = mean over generated frames of area-weighted (0.6*softIoU + 0.4*pixel-sim) vs the time-aligned GT frame; C = mean over GT final shapes of (0.30*softIoU + 0.30*size + 0.15*color + 0.25*position), a shape adds 0 unless its shape-type score >= 0.6; softIoU = IoU if >= 0.9, 0 if <= 0.75, linear between; needs metadata num_objects and GT video, else exception -> 0",final softIoU: decision; shape-type gate: preservation; size: preservation; color: preservation; position: preservation; per-frame trajectory S (named shape_preservation): process; background_preservation: preservation,1,0.0,shape-type gate 0 -> every shape adds 0 -> C = 0; (0.5*S 0 + 0.5*0)*(0.6 + 0.4*0) = 0,"rotation: {direction clockwise/counterclockwise, degrees (tol 1)} (fields_exact)",yes,"The stated rotation fixes each object's final orientation, which the IoU checks; the text answer is stated in the prompt.","The docstring says 40/40/20 with Hu moments vs GT first; the code is 50/50*(0.6 + 0.4*bg), and S compares against time-aligned GT frames. The gate, size and position follow from a near-perfect IoU; if only colour and the process/background terms fail, the score is about 0.5*0.85*0.6 = 0.255. The Hu-moment fallback for an empty GT video is dead code, because gt_frames[0] raises first."
